Region,Soil_Type,Crop,Rainfall_mm,Temperature_Celsius,Fertilizer_Used,Irrigation_Used,Weather_Condition,Days_to_Harvest,Yield_tons_per_hectare
West,Sandy,Cotton,897.08,27.68,0,1,Cloudy,122,6.56
South,Clay,Rice,992.67,18.03,1,1,Rainy,140,8.53
North,Loam,Barley,148.0,29.79,0,0,Sunny,106,1.13
North,Sandy,Soybean,986.87,16.64,0,1,Rainy,146,6.52
South,Silt,Wheat,730.38,31.62,1,1,Cloudy,110,7.25
South,Silt,Soybean,797.47,37.7,0,1,Rainy,74,5.9
West,Clay,Wheat,357.9,31.59,0,0,Rainy,90,2.65
South,Sandy,Rice,441.13,30.89,1,1,Sunny,61,5.83
North,Silt,Wheat,181.59,26.75,1,0,Sunny,127,2.94
West,Sandy,Wheat,395.05,17.65,0,1,Rainy,140,3.71
North,Peaty,Wheat,385.14,21.66,0,0,Sunny,73,2.56
East,Sandy,Cotton,145.3,19.76,1,1,Cloudy,141,4.37
South,Peaty,Cotton,607.15,15.56,1,1,Sunny,136,6.53
East,Clay,Barley,929.12,29.68,0,1,Rainy,134,6.49
North,Peaty,Barley,621.78,26.84,1,0,Rainy,77,4.57
East,Chalky,Rice,874.46,27.26,1,0,Sunny,115,5.84
East,Peaty,Wheat,787.08,25.67,0,0,Cloudy,68,4.37
North,Clay,Cotton,416.9,23.19,1,1,Sunny,95,4.86
North,Sandy,Barley,977.26,17.6,0,1,Sunny,93,5.78
South,Clay,Maize,888.21,39.95,1,0,Rainy,76,7.17
East,Clay,Cotton,990.27,24.07,0,1,Sunny,110,6.19
West,Loam,Barley,183.94,34.23,1,0,Cloudy,99,3.02
West,Clay,Rice,935.8,20.89,1,1,Rainy,71,7.76
North,Loam,Wheat,824.44,29.85,0,0,Sunny,100,4.55
North,Peaty,Cotton,480.31,35.46,0,0,Rainy,121,2.94
East,Chalky,Maize,170.81,29.12,0,1,Sunny,133,2.33
North,Clay,Wheat,615.35,27.76,1,0,Rainy,142,4.88
West,Silt,Barley,334.73,31.14,1,1,Sunny,140,4.46
South,Silt,Maize,259.42,17.26,0,0,Sunny,110,2.34
South,Loam,Wheat,786.77,23.2,1,1,Rainy,123,6.94
East,Silt,Maize,609.8,38.27,1,0,Cloudy,127,5.11
South,Silt,Rice,476.68,29.34,1,1,Sunny,67,6.41
North,Clay,Wheat,356.82,36.58,1,0,Cloudy,130,4.01
North,Loam,Soybean,600.2,20.94,1,0,Sunny,75,4.9
North,Loam,Rice,180.72,18.21,0,0,Rainy,83,0.8
North,Sandy,Barley,475.78,22.95,0,0,Rainy,94,3.61
East,Clay,Maize,599.88,19.91,1,0,Cloudy,63,4.7
South,Peaty,Cotton,492.56,17.21,0,1,Cloudy,86,5.63
West,Silt,Cotton,841.56,17.57,1,1,Sunny,98,6.75
South,Clay,Barley,808.98,36.13,1,0,Cloudy,66,6.31
North,Peaty,Barley,138.94,31.61,1,0,Cloudy,139,2.37
West,Peaty,Rice,805.7,29.2,1,0,Sunny,145,6.34
East,Peaty,Rice,634.19,38.45,0,0,Sunny,127,4.17
North,Silt,Wheat,167.4,28.11,0,1,Rainy,148,2.97
North,Chalky,Cotton,396.98,35.0,0,1,Sunny,132,4.24
West,Silt,Wheat,680.14,34.48,1,0,Rainy,109,5.98
East,Peaty,Barley,844.77,30.49,0,1,Rainy,142,5.68
West,Clay,Rice,801.94,28.76,0,1,Sunny,124,5.35
East,Loam,Maize,695.21,23.74,1,0,Cloudy,139,5.9
North,Sandy,Cotton,802.64,35.41,1,0,Sunny,82,6.65
South,Peaty,Rice,378.55,38.14,1,0,Cloudy,64,4.66
North,Clay,Maize,318.01,37.38,0,1,Rainy,121,4.13
South,Loam,Cotton,652.35,39.16,0,1,Rainy,76,5.49
South,Clay,Barley,765.69,26.57,0,0,Sunny,98,4.76
East,Loam,Cotton,617.93,15.91,0,0,Sunny,96,3.97
West,Sandy,Maize,224.07,38.19,0,1,Rainy,132,2.49
East,Silt,Rice,896.14,30.2,0,1,Sunny,131,6.35
North,Sandy,Wheat,435.25,25.5,0,1,Sunny,74,3.19
West,Sandy,Soybean,408.22,21.85,0,1,Cloudy,133,4.88
South,Chalky,Wheat,960.79,15.49,0,1,Rainy,132,6.41
South,Loam,Rice,965.53,19.58,0,1,Rainy,92,5.82
North,Clay,Maize,348.13,37.17,1,1,Cloudy,148,5.02
West,Loam,Wheat,624.71,29.02,1,1,Cloudy,145,6.8
North,Sandy,Maize,191.12,19.55,1,0,Cloudy,75,2.13
North,Peaty,Cotton,262.95,36.94,0,1,Sunny,142,3.05
East,Peaty,Wheat,724.26,27.95,0,1,Cloudy,126,5.76
North,Chalky,Soybean,997.41,16.19,1,0,Sunny,139,7.54
West,Chalky,Maize,932.57,38.3,1,0,Rainy,61,5.98
North,Clay,Rice,504.36,28.89,0,1,Cloudy,118,5.07
West,Silt,Rice,124.47,20.63,0,0,Sunny,72,0.81
South,Clay,Maize,977.62,23.77,1,1,Sunny,66,7.81
North,Peaty,Rice,588.38,26.17,0,1,Sunny,70,5.24
West,Sandy,Soybean,758.68,34.32,0,0,Rainy,138,4.2
South,Clay,Soybean,601.42,30.23,1,1,Sunny,80,6.38
West,Chalky,Maize,257.07,18.54,1,0,Rainy,103,3.32
South,Chalky,Wheat,153.69,25.96,1,1,Rainy,60,3.31
East,Clay,Cotton,620.61,29.62,1,1,Cloudy,108,6.48
North,Peaty,Soybean,928.16,35.37,0,1,Rainy,137,6.56
North,Loam,Wheat,405.74,17.46,1,0,Rainy,145,4.26
South,Peaty,Wheat,252.82,17.15,0,0,Sunny,76,0.62
East,Peaty,Cotton,325.22,24.88,1,1,Cloudy,111,5.42
West,Silt,Rice,623.74,23.31,0,1,Sunny,83,4.98
East,Sandy,Soybean,462.37,25.77,0,1,Rainy,147,4.6
West,Silt,Maize,903.78,20.6,0,0,Cloudy,128,5.85
West,Clay,Barley,175.04,23.83,1,1,Sunny,89,3.13
North,Sandy,Soybean,469.69,24.26,0,1,Cloudy,146,5.1
South,Peaty,Barley,300.31,17.58,0,1,Sunny,125,1.76
North,Loam,Barley,254.97,27.07,1,1,Sunny,62,5.6
North,Sandy,Rice,352.91,19.18,1,0,Sunny,145,3.62
North,Silt,Wheat,154.85,36.83,0,1,Rainy,90,3.15
West,Chalky,Barley,806.57,20.82,0,1,Cloudy,96,5.65
North,Clay,Wheat,153.02,26.8,0,0,Rainy,69,1.22
West,Clay,Barley,309.27,27.08,1,1,Cloudy,88,5.58
South,Sandy,Soybean,115.97,15.11,1,0,Cloudy,102,2.33
West,Loam,Wheat,569.94,27.56,0,1,Sunny,124,4.24
West,Sandy,Maize,874.97,33.22,1,1,Sunny,132,7.66
East,Loam,Wheat,768.79,30.91,0,0,Cloudy,89,4.56
North,Loam,Wheat,564.02,39.57,0,0,Cloudy,149,4.03
North,Sandy,Maize,432.4,26.29,1,0,Cloudy,78,3.63
North,Sandy,Maize,607.01,35.31,0,0,Rainy,73,3.63
North,Peaty,Rice,876.18,20.89,1,0,Sunny,148,5.93
East,Peaty,Soybean,759.47,25.21,0,1,Sunny,61,4.84
East,Silt,Maize,207.93,34.02,0,1,Cloudy,145,3.0
East,Loam,Rice,153.93,27.11,1,1,Sunny,149,3.51
East,Chalky,Wheat,293.37,16.81,1,0,Sunny,123,3.48
North,Peaty,Maize,532.73,39.49,0,0,Rainy,96,3.52
West,Chalky,Maize,457.96,26.4,1,1,Sunny,109,5.17
South,Clay,Cotton,544.44,31.8,0,0,Rainy,70,2.99
East,Chalky,Barley,604.59,36.92,1,0,Sunny,131,5.55
West,Clay,Wheat,133.19,27.8,1,0,Rainy,147,2.47
East,Peaty,Soybean,600.28,39.67,0,1,Sunny,125,4.63
North,Clay,Soybean,408.68,31.61,0,0,Rainy,95,3.05
North,Loam,Wheat,769.73,24.89,1,0,Cloudy,111,6.12
West,Silt,Rice,992.56,36.14,0,1,Sunny,83,7.41
West,Sandy,Cotton,937.32,26.21,1,1,Cloudy,67,7.66
West,Chalky,Wheat,438.38,28.88,1,1,Sunny,114,5.3
North,Clay,Barley,613.57,17.8,0,0,Cloudy,90,3.68
North,Peaty,Barley,783.15,25.01,0,0,Cloudy,68,4.81
South,Loam,Rice,965.03,29.71,1,0,Cloudy,74,5.73
West,Silt,Rice,650.21,21.36,1,0,Sunny,82,4.75
South,Chalky,Barley,266.0,15.38,0,0,Cloudy,106,2.37
East,Peaty,Maize,825.82,33.66,0,1,Cloudy,116,6.73
South,Sandy,Maize,858.5,23.36,0,0,Sunny,136,3.95
East,Loam,Soybean,269.24,26.24,1,0,Rainy,95,3.61
East,Chalky,Maize,861.79,19.94,1,1,Cloudy,134,7.7
South,Silt,Maize,590.01,18.32,1,1,Sunny,74,5.47
West,Silt,Barley,947.87,21.47,1,1,Cloudy,65,8.5
East,Silt,Soybean,633.48,32.35,1,1,Sunny,109,7.41
West,Silt,Maize,946.68,35.04,0,1,Sunny,74,7.31
North,Clay,Wheat,849.2,15.31,0,0,Rainy,96,4.59
East,Clay,Soybean,731.18,31.73,1,0,Cloudy,94,6.21
North,Chalky,Soybean,805.31,38.19,1,1,Cloudy,123,6.71
South,Chalky,Wheat,712.21,25.62,0,0,Cloudy,134,3.37
West,Silt,Barley,811.66,19.78,1,0,Cloudy,114,5.33
South,Sandy,Barley,838.87,21.34,1,0,Rainy,109,5.62
East,Peaty,Rice,158.63,36.61,1,1,Cloudy,99,4.94
North,Clay,Barley,135.02,24.29,0,0,Sunny,109,1.88
East,Sandy,Maize,321.32,33.79,0,0,Sunny,126,2.18
South,Chalky,Cotton,839.91,29.18,0,0,Cloudy,66,4.57
West,Peaty,Maize,563.81,33.53,1,0,Sunny,65,4.08
West,Loam,Soybean,444.41,26.67,1,1,Sunny,131,5.93
East,Silt,Barley,391.61,19.05,1,1,Rainy,88,5.75
East,Silt,Cotton,453.57,33.67,1,1,Cloudy,125,5.88
North,Chalky,Wheat,994.18,39.91,0,0,Sunny,96,6.26
South,Loam,Cotton,142.18,15.68,0,0,Cloudy,136,0.96
East,Loam,Cotton,327.92,23.47,0,0,Sunny,138,2.53
North,Clay,Wheat,529.25,23.78,0,1,Rainy,146,3.83
East,Peaty,Barley,291.22,38.12,1,1,Cloudy,76,5.45
West,Silt,Soybean,851.2,29.54,0,0,Sunny,103,4.8
North,Chalky,Barley,502.79,29.53,1,1,Cloudy,146,5.38
North,Silt,Barley,351.6,29.36,1,0,Cloudy,71,4.21
East,Sandy,Rice,863.75,22.08,1,1,Cloudy,63,8.15
South,Clay,Rice,165.96,18.93,1,1,Sunny,66,3.86
West,Peaty,Cotton,757.57,31.83,0,1,Rainy,75,5.86
South,Loam,Cotton,275.03,38.87,1,0,Rainy,103,3.49
North,Chalky,Cotton,194.21,36.78,0,1,Cloudy,147,2.78
South,Chalky,Wheat,540.56,22.88,1,0,Cloudy,146,4.5
North,Peaty,Cotton,774.29,17.42,0,0,Sunny,136,4.17
South,Loam,Wheat,481.48,19.74,1,0,Rainy,103,4.0
East,Loam,Wheat,885.46,34.18,1,0,Cloudy,131,7.23
South,Loam,Barley,419.09,25.38,1,0,Rainy,87,4.36
North,Peaty,Soybean,745.15,28.87,1,1,Sunny,110,7.48
West,Chalky,Maize,613.99,33.19,0,1,Sunny,107,5.32
West,Loam,Soybean,425.58,16.67,0,1,Sunny,69,3.59
West,Sandy,Soybean,867.62,15.95,1,0,Cloudy,119,5.61
North,Clay,Barley,699.27,29.69,0,1,Cloudy,107,4.97
South,Silt,Barley,906.34,33.21,1,0,Cloudy,108,6.85
West,Peaty,Wheat,352.14,36.31,1,0,Sunny,61,4.05
West,Sandy,Cotton,230.32,38.42,1,1,Rainy,76,4.23
West,Chalky,Cotton,860.83,29.35,0,0,Rainy,138,5.27
East,Peaty,Soybean,367.62,19.45,1,1,Rainy,84,5.12
North,Chalky,Soybean,696.35,19.2,0,1,Sunny,146,4.7
North,Chalky,Wheat,575.29,23.24,1,0,Cloudy,67,5.06
North,Chalky,Maize,897.1,27.77,0,0,Sunny,84,5.09
North,Clay,Soybean,272.05,35.04,1,1,Rainy,118,4.64
North,Loam,Maize,422.59,27.8,1,0,Rainy,83,4.11
East,Peaty,Barley,770.16,27.71,0,1,Rainy,99,5.25
South,Silt,Barley,843.51,34.08,0,0,Sunny,138,4.45
East,Peaty,Maize,445.01,39.68,0,0,Cloudy,105,2.78
West,Peaty,Rice,396.61,25.55,0,0,Cloudy,127,2.25
East,Peaty,Wheat,419.65,19.11,1,1,Sunny,69,5.39
North,Peaty,Wheat,280.86,25.78,0,0,Sunny,65,2.06
East,Silt,Barley,201.77,34.91,0,1,Cloudy,99,3.08
North,Loam,Rice,693.9,28.13,1,1,Cloudy,146,6.86
East,Sandy,Barley,487.48,29.46,1,0,Sunny,144,3.03
North,Chalky,Cotton,908.61,34.09,0,0,Sunny,78,4.64
West,Clay,Wheat,107.56,27.43,0,0,Sunny,138,1.15
North,Loam,Barley,200.65,25.0,1,0,Sunny,116,3.05
East,Silt,Maize,610.26,37.31,1,1,Sunny,95,6.74
West,Loam,Barley,419.32,20.47,1,0,Sunny,97,3.6
East,Silt,Maize,900.31,33.88,1,1,Sunny,86,8.11
West,Clay,Soybean,900.73,32.53,0,1,Rainy,111,6.43
South,Silt,Maize,467.54,19.33,0,1,Sunny,113,3.39
South,Loam,Soybean,876.75,16.68,1,0,Rainy,147,6.04
South,Sandy,Maize,716.33,21.97,1,1,Cloudy,100,6.79
East,Loam,Cotton,472.21,35.49,1,0,Cloudy,86,3.46
East,Clay,Barley,459.37,18.61,0,0,Cloudy,143,2.55
West,Chalky,Maize,417.78,36.96,1,0,Rainy,137,4.51
West,Silt,Cotton,328.66,37.71,1,0,Cloudy,71,3.0
West,Silt,Rice,613.31,28.61,1,0,Sunny,105,4.67
West,Peaty,Cotton,600.51,34.06,1,1,Cloudy,61,5.83
North,Loam,Maize,734.94,17.78,1,0,Sunny,132,4.82
South,Peaty,Rice,469.22,17.83,1,1,Cloudy,99,4.45
North,Peaty,Maize,866.19,37.33,1,0,Cloudy,111,5.78
North,Loam,Cotton,655.15,28.96,0,0,Cloudy,114,4.07
North,Chalky,Soybean,835.03,32.78,0,0,Rainy,117,5.0
North,Loam,Rice,524.99,22.26,1,1,Sunny,107,5.16
South,Peaty,Rice,168.48,17.99,1,0,Rainy,60,2.56
North,Chalky,Cotton,955.24,28.21,1,0,Sunny,80,6.36
West,Silt,Wheat,754.79,29.46,0,0,Rainy,98,3.93
East,Sandy,Rice,331.94,28.89,0,1,Cloudy,71,3.83
West,Loam,Wheat,957.34,19.52,1,1,Rainy,63,7.98
East,Loam,Cotton,583.19,25.11,0,1,Rainy,113,4.5
West,Sandy,Wheat,258.95,31.2,0,0,Sunny,67,1.76
West,Loam,Soybean,441.49,18.15,1,0,Rainy,76,3.75
East,Silt,Barley,635.63,28.41,0,0,Cloudy,90,4.64
South,Sandy,Barley,686.28,31.94,0,1,Cloudy,83,4.73
North,Peaty,Maize,365.15,32.25,1,1,Cloudy,127,4.14
West,Sandy,Rice,638.53,38.93,0,1,Cloudy,87,4.61
South,Peaty,Soybean,166.9,23.07,0,0,Sunny,77,1.32
North,Silt,Maize,482.85,22.0,0,0,Sunny,93,2.77
South,Clay,Wheat,531.26,32.62,0,0,Cloudy,134,2.85
South,Peaty,Cotton,398.8,37.34,0,0,Rainy,131,2.38
North,Sandy,Rice,550.07,15.54,1,0,Rainy,95,4.27
West,Loam,Rice,714.32,19.33,0,1,Sunny,87,6.31
South,Loam,Rice,228.62,36.03,1,1,Sunny,124,4.25
West,Peaty,Soybean,811.16,19.95,1,1,Cloudy,116,7.14
West,Peaty,Maize,546.44,37.54,1,1,Rainy,74,6.72
West,Sandy,Maize,629.97,17.91,1,0,Sunny,140,5.34
North,Silt,Soybean,415.96,23.8,0,1,Sunny,89,4.08
East,Clay,Soybean,827.98,23.76,1,0,Rainy,105,6.23
West,Loam,Barley,104.21,15.07,1,1,Cloudy,77,3.7
East,Chalky,Soybean,106.96,28.58,0,1,Cloudy,79,1.76
East,Loam,Cotton,928.75,17.54,0,1,Sunny,140,6.56
South,Silt,Soybean,710.37,20.29,0,1,Sunny,149,5.78
West,Loam,Wheat,857.82,34.83,0,1,Sunny,132,6.51
West,Sandy,Rice,869.69,37.8,1,0,Cloudy,65,6.76
West,Clay,Wheat,137.25,39.11,1,1,Rainy,68,4.78
East,Chalky,Cotton,909.46,31.41,1,1,Cloudy,108,7.78
North,Clay,Rice,108.24,39.99,0,0,Rainy,141,1.98
East,Chalky,Rice,489.68,28.49,0,0,Cloudy,95,2.91
West,Chalky,Maize,348.34,37.75,0,1,Rainy,107,4.08
West,Silt,Maize,357.48,18.72,1,0,Cloudy,138,4.33
West,Silt,Rice,628.87,34.67,1,1,Sunny,75,6.51
East,Loam,Wheat,382.63,27.86,1,0,Cloudy,90,4.3
West,Silt,Wheat,236.99,30.06,1,1,Cloudy,145,4.8
South,Loam,Rice,908.62,29.72,0,1,Cloudy,86,6.01
West,Chalky,Maize,783.04,36.9,0,1,Rainy,92,6.81
North,Chalky,Soybean,336.09,24.19,0,0,Cloudy,117,2.35
South,Clay,Barley,598.34,30.59,1,1,Cloudy,117,6.43
West,Silt,Cotton,706.84,28.81,0,1,Sunny,74,6.34
South,Silt,Barley,979.46,16.64,0,0,Cloudy,149,4.99
West,Silt,Maize,356.91,37.7,0,1,Sunny,93,4.37
North,Silt,Soybean,893.25,15.32,0,0,Rainy,101,4.19
West,Silt,Wheat,637.96,36.53,1,1,Cloudy,139,6.98
South,Sandy,Cotton,250.56,29.91,1,1,Sunny,135,3.8
North,Loam,Rice,513.43,27.56,1,0,Rainy,98,4.76
East,Loam,Soybean,287.5,16.31,0,1,Rainy,65,2.85
North,Chalky,Wheat,114.57,20.79,1,1,Rainy,68,4.11
North,Clay,Cotton,723.52,15.16,1,0,Rainy,149,6.07
North,Peaty,Rice,946.38,21.31,1,0,Cloudy,131,5.54
South,Sandy,Rice,196.61,36.5,0,0,Cloudy,77,1.24
North,Peaty,Maize,304.92,38.51,1,0,Cloudy,126,3.98
West,Loam,Rice,649.34,38.69,0,1,Cloudy,73,5.73
North,Chalky,Maize,646.99,31.22,0,0,Cloudy,61,3.67
North,Clay,Wheat,358.62,18.79,1,0,Rainy,76,3.5
West,Sandy,Soybean,940.51,21.93,0,1,Cloudy,80,6.36
West,Chalky,Wheat,785.46,33.83,0,1,Rainy,109,6.45
East,Sandy,Barley,904.51,39.24,1,1,Sunny,64,8.21
North,Loam,Rice,343.0,16.3,0,1,Sunny,95,2.56
South,Silt,Cotton,146.78,32.94,1,0,Cloudy,146,2.7
North,Peaty,Wheat,170.19,17.87,0,1,Cloudy,146,2.73
North,Loam,Rice,667.74,25.86,1,0,Rainy,103,5.1
West,Silt,Barley,258.35,33.1,0,0,Sunny,123,2.67
East,Loam,Maize,492.64,35.78,1,1,Sunny,105,5.77
North,Sandy,Rice,130.5,26.57,0,0,Rainy,109,1.54
South,Loam,Rice,798.52,31.74,1,0,Rainy,138,6.71
North,Clay,Soybean,783.93,27.51,0,1,Cloudy,130,5.4
South,Sandy,Cotton,609.95,17.77,0,0,Sunny,67,3.98
West,Peaty,Maize,356.86,24.01,1,1,Cloudy,86,4.68
East,Loam,Barley,466.06,29.56,1,0,Sunny,139,4.48
North,Silt,Rice,917.52,28.39,0,1,Cloudy,63,6.53
East,Silt,Rice,503.87,23.43,0,0,Sunny,62,3.2
North,Peaty,Rice,549.69,18.25,1,1,Sunny,107,6.07
South,Silt,Soybean,525.59,31.76,0,1,Cloudy,105,4.41
East,Sandy,Soybean,404.17,32.23,0,1,Sunny,100,3.6
North,Clay,Soybean,370.35,16.8,1,0,Cloudy,117,3.3
West,Peaty,Maize,930.87,38.06,1,1,Rainy,61,7.43
South,Sandy,Soybean,683.69,15.55,0,0,Cloudy,143,4.11
East,Loam,Soybean,574.33,18.67,1,0,Sunny,140,3.68
North,Silt,Wheat,778.29,26.3,1,1,Cloudy,131,8.87
East,Loam,Cotton,259.39,27.62,1,0,Sunny,91,2.86
North,Sandy,Cotton,504.64,24.55,0,0,Rainy,86,3.51
South,Sandy,Rice,168.09,16.4,0,1,Sunny,110,2.07
West,Clay,Cotton,464.16,35.31,0,1,Cloudy,127,4.83
South,Sandy,Maize,516.97,17.45,0,1,Sunny,120,4.49
East,Clay,Maize,373.38,28.11,1,1,Cloudy,62,5.12
East,Chalky,Rice,550.86,22.41,1,0,Sunny,65,4.76
North,Loam,Cotton,988.24,19.41,0,1,Cloudy,80,6.32
South,Loam,Maize,638.72,19.38,1,1,Cloudy,87,6.15
North,Chalky,Soybean,827.36,38.7,1,1,Cloudy,140,7.41
South,Clay,Cotton,183.03,27.35,1,0,Cloudy,143,2.83
East,Silt,Wheat,203.18,19.88,1,1,Sunny,93,3.78
North,Clay,Cotton,152.29,25.85,0,0,Rainy,124,1.35
North,Silt,Soybean,460.36,23.66,1,1,Rainy,146,6.2
South,Chalky,Wheat,898.59,33.11,0,0,Sunny,97,4.81
West,Silt,Cotton,240.78,21.95,0,0,Cloudy,66,0.93
South,Peaty,Wheat,683.4,36.59,1,1,Cloudy,76,7.83
West,Peaty,Cotton,395.58,16.05,1,1,Sunny,142,4.84
South,Chalky,Rice,675.35,30.28,0,0,Sunny,96,3.8
East,Silt,Barley,375.47,36.68,0,1,Sunny,101,4.08
North,Sandy,Cotton,267.82,20.1,0,1,Rainy,61,3.41
South,Loam,Cotton,911.03,37.63,0,1,Cloudy,96,6.99
East,Loam,Rice,787.1,28.46,1,1,Sunny,85,7.07
South,Chalky,Rice,256.56,36.83,1,1,Sunny,71,4.71
North,Peaty,Rice,564.97,31.28,1,1,Cloudy,132,6.92
South,Silt,Rice,885.41,23.35,0,1,Rainy,85,6.73
West,Loam,Wheat,610.98,15.45,1,1,Cloudy,101,5.64
North,Silt,Barley,831.95,30.09,1,0,Rainy,92,5.66
West,Loam,Cotton,569.89,23.46,0,1,Sunny,125,3.58
East,Silt,Maize,941.57,33.36,0,1,Sunny,125,6.6
East,Silt,Maize,655.74,19.42,0,0,Sunny,80,3.73
South,Chalky,Rice,198.75,24.28,0,1,Cloudy,137,2.96
West,Clay,Soybean,110.18,28.07,0,1,Rainy,141,2.35
West,Chalky,Barley,916.41,24.88,1,0,Cloudy,146,6.51
North,Clay,Wheat,193.79,38.88,0,1,Cloudy,78,3.36
West,Loam,Cotton,308.7,16.15,0,0,Sunny,78,2.26
West,Chalky,Maize,429.25,27.27,0,0,Rainy,85,2.98
North,Sandy,Maize,597.27,33.54,0,0,Rainy,73,3.84
North,Clay,Soybean,154.29,31.61,0,0,Cloudy,77,0.98
West,Chalky,Cotton,720.11,36.35,1,1,Sunny,134,7.54
South,Loam,Soybean,509.38,17.26,1,0,Rainy,131,5.25
North,Silt,Rice,302.59,27.79,1,1,Sunny,116,4.47
North,Sandy,Barley,167.87,34.21,0,0,Sunny,66,1.61
West,Silt,Cotton,696.1,35.87,0,0,Cloudy,92,5.09
West,Peaty,Barley,710.59,36.08,1,1,Sunny,97,6.26
North,Clay,Rice,252.02,18.01,0,1,Cloudy,86,2.63
West,Clay,Soybean,303.69,31.36,0,0,Rainy,74,2.15
North,Chalky,Soybean,107.16,30.99,0,0,Cloudy,103,1.17
South,Loam,Maize,162.81,18.1,1,0,Sunny,143,3.06
South,Sandy,Rice,196.95,24.45,0,0,Cloudy,110,1.66
North,Chalky,Cotton,632.43,18.52,1,0,Sunny,146,5.16
North,Loam,Barley,553.4,23.79,0,0,Sunny,79,3.16
East,Silt,Rice,681.76,15.21,1,1,Cloudy,82,6.39
East,Chalky,Barley,162.31,37.81,0,1,Sunny,124,2.93
West,Clay,Rice,623.47,36.74,1,1,Sunny,134,6.52
West,Sandy,Barley,317.21,24.75,1,1,Sunny,75,3.72
North,Chalky,Barley,796.08,25.1,1,1,Rainy,85,7.68
North,Clay,Rice,952.49,23.09,1,0,Rainy,122,6.52
East,Loam,Rice,521.19,32.95,0,1,Rainy,135,4.24
East,Peaty,Rice,877.4,28.04,0,0,Cloudy,99,4.61
North,Silt,Soybean,199.38,24.41,0,0,Rainy,77,2.09
South,Peaty,Soybean,276.83,17.91,1,1,Sunny,141,3.91
South,Silt,Barley,937.29,30.52,0,1,Sunny,134,6.21
West,Sandy,Wheat,516.67,22.22,0,1,Cloudy,113,3.94
North,Sandy,Rice,981.19,18.42,0,1,Rainy,92,6.34
North,Sandy,Cotton,486.12,15.51,1,1,Cloudy,91,6.21
West,Sandy,Wheat,458.96,33.85,0,1,Cloudy,143,4.01
East,Sandy,Barley,330.79,38.51,0,1,Sunny,135,3.29
East,Clay,Soybean,451.12,30.5,0,1,Sunny,102,4.59
South,Chalky,Cotton,496.95,25.57,0,1,Rainy,76,4.27
North,Silt,Rice,629.77,32.99,1,1,Sunny,146,6.79
East,Clay,Soybean,689.52,30.8,1,0,Sunny,118,5.62
South,Chalky,Cotton,368.32,37.77,0,0,Rainy,62,3.28
South,Clay,Wheat,648.7,29.55,1,0,Cloudy,61,6.13
South,Chalky,Wheat,159.57,24.97,1,0,Sunny,133,2.97
East,Clay,Barley,421.39,26.9,0,0,Sunny,81,2.79
East,Silt,Soybean,393.28,36.3,1,0,Rainy,116,4.04
North,Clay,Cotton,383.3,29.38,0,0,Cloudy,71,1.54
North,Clay,Soybean,226.88,34.67,1,0,Cloudy,72,3.85
South,Chalky,Barley,364.49,31.76,0,1,Rainy,131,3.87
South,Clay,Cotton,458.6,33.48,0,1,Rainy,61,4.46
East,Silt,Barley,551.57,22.66,1,0,Cloudy,113,5.28
East,Chalky,Soybean,185.53,32.14,0,1,Sunny,140,3.08
North,Peaty,Soybean,849.5,32.08,1,1,Rainy,124,7.58
North,Silt,Soybean,671.8,34.64,0,0,Rainy,126,3.74
West,Chalky,Maize,503.22,37.97,0,0,Sunny,67,2.82
North,Loam,Soybean,882.21,29.65,0,1,Sunny,117,5.71
East,Sandy,Rice,376.77,15.71,1,1,Sunny,77,5.15
South,Peaty,Maize,437.6,33.73,1,1,Sunny,109,5.65
West,Clay,Rice,235.62,25.04,1,1,Rainy,136,4.73
North,Peaty,Cotton,778.31,20.64,1,1,Cloudy,86,7.12
North,Silt,Barley,895.16,22.27,0,0,Cloudy,103,5.49
East,Silt,Wheat,316.3,30.22,1,0,Cloudy,88,3.32
West,Chalky,Soybean,943.39,35.57,0,0,Rainy,140,5.84
North,Chalky,Rice,403.54,27.28,0,0,Rainy,131,2.17
South,Loam,Soybean,244.27,38.72,0,1,Rainy,123,3.91
East,Silt,Maize,757.59,34.11,1,1,Cloudy,147,7.14
West,Chalky,Rice,926.68,29.09,0,0,Cloudy,130,4.82
North,Loam,Cotton,277.17,15.03,0,1,Rainy,69,3.55
North,Silt,Cotton,255.81,35.08,1,0,Rainy,139,3.81
West,Clay,Cotton,483.12,21.89,1,1,Sunny,114,6.02
East,Sandy,Cotton,970.61,26.82,0,1,Rainy,123,6.24
West,Sandy,Wheat,643.74,27.66,1,1,Rainy,99,6.55
West,Peaty,Wheat,225.36,19.56,1,1,Sunny,88,4.02
East,Silt,Barley,748.78,15.29,0,1,Rainy,115,4.84
North,Peaty,Wheat,823.58,30.58,0,1,Cloudy,136,5.66
South,Sandy,Cotton,382.35,31.15,0,1,Sunny,72,3.55
East,Chalky,Cotton,855.52,30.43,1,0,Sunny,86,7.04
South,Silt,Wheat,573.69,19.72,0,1,Rainy,141,5.33
North,Silt,Barley,169.26,36.43,0,0,Cloudy,100,1.38
West,Clay,Soybean,434.65,35.19,0,0,Rainy,134,3.06
South,Clay,Soybean,313.8,34.34,1,0,Sunny,101,4.49
North,Silt,Wheat,395.5,35.84,0,1,Sunny,143,3.99
North,Peaty,Cotton,205.75,29.77,1,1,Cloudy,66,4.32
West,Loam,Wheat,339.82,35.78,1,1,Rainy,75,4.8
West,Loam,Barley,131.63,17.8,0,0,Rainy,104,0.21
North,Peaty,Maize,873.6,28.82,0,1,Sunny,93,6.77
North,Peaty,Wheat,657.47,15.82,1,1,Sunny,101,7.06
South,Peaty,Barley,729.38,19.65,0,1,Cloudy,79,5.08
North,Loam,Cotton,505.9,33.19,1,0,Sunny,68,3.96
North,Clay,Wheat,337.81,37.11,1,1,Sunny,90,5.1
South,Sandy,Rice,173.78,31.53,0,0,Rainy,86,1.21
East,Sandy,Maize,711.1,37.61,1,0,Rainy,106,4.76
South,Peaty,Soybean,161.11,38.38,0,0,Rainy,143,1.31
South,Silt,Soybean,275.2,15.66,1,0,Cloudy,82,3.23
West,Clay,Wheat,115.99,32.82,1,1,Rainy,140,4.16
South,Peaty,Wheat,121.17,30.22,0,1,Cloudy,104,2.36
North,Silt,Maize,850.78,21.33,1,0,Sunny,71,5.42
North,Clay,Wheat,247.99,35.39,0,1,Rainy,137,3.23
North,Clay,Rice,692.68,30.43,1,0,Sunny,123,5.57
East,Chalky,Maize,348.73,22.56,1,0,Rainy,112,3.49
North,Sandy,Soybean,735.93,31.87,0,0,Sunny,141,3.65
East,Sandy,Barley,526.43,33.83,0,1,Cloudy,102,3.7
North,Loam,Cotton,747.68,33.39,1,1,Cloudy,100,7.33
South,Clay,Wheat,420.38,35.33,1,1,Cloudy,146,5.99
West,Silt,Barley,120.92,15.58,1,0,Cloudy,106,2.9
North,Peaty,Barley,168.12,19.22,0,1,Rainy,75,2.7
East,Clay,Rice,820.91,30.76,1,0,Cloudy,112,6.13
East,Sandy,Barley,901.84,26.04,0,0,Cloudy,78,5.06
West,Clay,Cotton,848.89,39.67,1,0,Sunny,131,6.0
North,Peaty,Cotton,148.17,23.14,0,1,Cloudy,112,2.25
South,Clay,Rice,666.19,27.93,1,0,Sunny,102,5.51
North,Sandy,Maize,689.09,30.75,1,1,Rainy,65,6.73
North,Loam,Wheat,629.09,36.35,0,1,Sunny,126,4.95
West,Peaty,Rice,146.05,23.94,1,1,Sunny,111,5.0
North,Sandy,Wheat,965.93,26.11,0,1,Cloudy,116,7.06
South,Clay,Barley,178.17,23.67,0,0,Cloudy,111,0.96
East,Clay,Cotton,665.71,34.25,0,1,Cloudy,88,6.51
West,Clay,Maize,741.04,31.01,0,0,Sunny,131,5.75
South,Chalky,Rice,300.8,29.14,1,1,Rainy,60,4.29
East,Loam,Cotton,440.67,35.72,0,1,Rainy,98,3.76
West,Peaty,Cotton,142.16,21.2,1,0,Cloudy,132,2.79
West,Clay,Barley,233.29,32.42,0,0,Rainy,149,1.46
East,Sandy,Cotton,827.88,17.79,0,1,Cloudy,139,5.37
East,Chalky,Soybean,703.84,27.97,1,1,Cloudy,97,8.2
South,Clay,Maize,932.54,17.56,0,1,Sunny,101,6.24
North,Loam,Rice,801.64,18.99,0,1,Sunny,147,6.3
North,Loam,Rice,129.19,27.13,0,0,Sunny,123,1.07
North,Loam,Wheat,905.2,32.82,1,0,Rainy,105,7.07
North,Peaty,Barley,234.66,29.74,0,1,Rainy,139,2.67
North,Loam,Wheat,743.51,28.81,0,0,Sunny,105,4.05
South,Clay,Rice,366.96,36.7,0,1,Rainy,73,3.2
West,Chalky,Rice,309.45,26.12,1,1,Sunny,110,5.71
South,Sandy,Wheat,599.91,20.16,0,1,Cloudy,98,4.53
South,Chalky,Cotton,999.19,19.24,0,0,Rainy,78,5.08
South,Peaty,Cotton,357.53,30.91,1,1,Sunny,131,5.42
West,Loam,Cotton,259.3,23.31,0,0,Sunny,118,0.85
South,Sandy,Barley,592.21,35.41,1,0,Cloudy,72,4.74
South,Loam,Cotton,528.58,37.65,0,0,Rainy,78,4.0
West,Silt,Rice,316.25,37.19,1,0,Rainy,90,4.31
South,Sandy,Cotton,834.49,24.4,0,1,Cloudy,96,5.14
North,Loam,Maize,592.08,26.19,1,1,Rainy,142,6.03
East,Chalky,Barley,630.51,25.52,1,1,Sunny,144,5.92
South,Clay,Maize,572.69,36.77,1,1,Cloudy,136,6.4
East,Clay,Rice,844.83,36.34,0,0,Sunny,109,5.26
South,Loam,Wheat,888.8,25.23,1,0,Rainy,61,7.39
South,Sandy,Soybean,525.79,33.63,1,1,Rainy,93,6.11
North,Sandy,Cotton,549.01,27.72,1,1,Sunny,96,4.77
West,Clay,Maize,739.46,16.53,1,0,Cloudy,124,6.0
East,Sandy,Cotton,648.72,28.5,0,0,Rainy,135,3.98
West,Peaty,Maize,508.97,35.37,1,1,Rainy,77,6.53
North,Chalky,Soybean,150.01,34.76,1,0,Cloudy,123,2.95
North,Loam,Maize,109.9,20.44,0,0,Rainy,119,1.36
East,Silt,Barley,773.31,25.75,1,1,Cloudy,108,8.01
West,Loam,Maize,142.43,27.44,1,1,Sunny,82,4.61
North,Peaty,Cotton,204.37,17.66,0,0,Rainy,114,1.8
South,Sandy,Wheat,549.22,17.91,0,0,Cloudy,75,3.19
South,Clay,Wheat,877.47,39.69,1,0,Rainy,137,5.94
South,Peaty,Barley,903.68,36.23,0,0,Rainy,106,5.32
West,Silt,Barley,433.18,34.75,0,1,Cloudy,127,3.51
South,Chalky,Barley,193.54,15.48,1,0,Rainy,98,2.37
South,Silt,Barley,937.48,39.94,0,0,Cloudy,145,6.17
North,Loam,Soybean,838.12,22.7,1,1,Cloudy,121,7.75
North,Silt,Wheat,343.8,37.73,0,0,Cloudy,137,1.5
South,Sandy,Cotton,199.97,25.73,0,1,Sunny,60,3.05
South,Sandy,Rice,859.05,29.9,1,0,Rainy,104,6.4
North,Clay,Cotton,993.27,22.26,0,0,Rainy,91,5.26
East,Clay,Barley,741.83,26.42,0,0,Cloudy,84,4.22
West,Sandy,Maize,655.72,23.61,0,1,Sunny,135,4.15
West,Sandy,Maize,159.26,23.73,1,0,Sunny,148,1.95
North,Silt,Wheat,888.67,24.41,1,1,Sunny,66,7.83
West,Clay,Wheat,878.96,30.77,0,1,Sunny,148,6.97
North,Silt,Barley,986.54,24.68,1,0,Sunny,77,6.85
North,Peaty,Maize,300.04,39.77,0,0,Rainy,108,3.12
North,Sandy,Soybean,273.58,32.09,0,1,Cloudy,60,3.33
North,Sandy,Barley,519.31,23.71,1,0,Cloudy,106,4.82
East,Clay,Barley,505.12,25.14,1,0,Cloudy,130,4.3
South,Sandy,Cotton,603.78,17.89,0,0,Rainy,69,3.44
South,Silt,Rice,193.89,37.16,1,0,Rainy,73,2.55
East,Clay,Rice,764.73,26.93,0,1,Rainy,89,4.89
West,Peaty,Rice,740.68,31.22,0,0,Cloudy,73,4.15
West,Sandy,Rice,829.15,33.31,1,0,Cloudy,114,5.9
South,Loam,Cotton,722.3,35.97,1,0,Cloudy,92,5.71
West,Clay,Wheat,639.94,36.91,1,0,Cloudy,138,5.85
South,Loam,Rice,114.19,36.06,0,1,Sunny,72,2.69
South,Silt,Cotton,800.3,24.92,0,0,Sunny,144,4.17
East,Clay,Wheat,591.96,35.44,1,1,Rainy,96,6.82
West,Loam,Soybean,863.48,29.18,0,1,Rainy,105,5.03
East,Chalky,Cotton,383.56,38.74,1,1,Sunny,79,5.68
South,Loam,Barley,539.25,21.6,0,0,Sunny,102,3.05
South,Chalky,Cotton,245.31,31.72,1,1,Rainy,70,3.74
South,Clay,Soybean,408.56,24.04,1,0,Cloudy,132,4.04
North,Chalky,Soybean,822.23,36.37,1,0,Rainy,126,7.09
North,Chalky,Soybean,297.9,36.51,1,1,Rainy,143,5.43
North,Silt,Soybean,739.51,16.23,0,1,Sunny,110,6.38
East,Loam,Barley,185.59,33.1,1,0,Sunny,122,2.75
South,Peaty,Cotton,908.9,29.74,1,1,Sunny,144,7.13
West,Peaty,Cotton,648.95,35.19,0,1,Rainy,79,5.64
East,Peaty,Cotton,254.45,15.37,0,1,Cloudy,83,3.22
East,Chalky,Wheat,239.25,17.18,0,1,Cloudy,99,2.87
East,Clay,Cotton,691.51,21.36,1,1,Sunny,124,6.58
West,Chalky,Barley,575.55,17.44,0,0,Rainy,74,2.8
South,Silt,Wheat,215.39,27.98,0,1,Sunny,104,2.3
North,Clay,Wheat,881.59,16.05,1,1,Sunny,103,7.08
South,Clay,Rice,666.4,34.14,0,0,Cloudy,103,4.15
South,Clay,Rice,179.49,33.13,1,0,Cloudy,70,3.53
East,Peaty,Rice,714.9,20.68,1,0,Cloudy,66,5.0
East,Peaty,Barley,976.58,38.77,1,0,Rainy,149,7.51
East,Sandy,Barley,700.56,16.61,0,1,Sunny,95,4.86
North,Chalky,Rice,415.6,18.77,1,0,Cloudy,146,3.22
North,Loam,Maize,658.18,38.02,0,0,Cloudy,149,4.48
North,Clay,Rice,382.47,36.72,1,1,Rainy,139,6.34
South,Loam,Maize,331.6,39.39,0,1,Rainy,131,3.65
East,Chalky,Wheat,759.39,19.23,1,0,Cloudy,83,6.34
West,Sandy,Maize,194.15,39.18,0,1,Cloudy,109,2.48
South,Silt,Wheat,796.54,26.16,1,1,Sunny,63,6.69
North,Clay,Barley,293.02,20.17,0,0,Cloudy,105,1.7
West,Clay,Rice,544.03,38.58,0,1,Cloudy,71,4.71
West,Silt,Wheat,577.07,30.26,0,1,Rainy,135,5.18
East,Sandy,Barley,369.45,26.38,0,0,Sunny,136,2.8
West,Peaty,Barley,975.95,23.63,1,0,Cloudy,138,5.92
North,Clay,Soybean,877.3,24.29,0,0,Cloudy,92,5.18
East,Peaty,Rice,751.41,32.36,0,1,Rainy,80,5.23
West,Peaty,Barley,845.66,25.21,1,0,Cloudy,78,5.45
East,Sandy,Wheat,943.48,20.65,1,1,Sunny,93,7.19
West,Chalky,Wheat,380.89,19.23,0,1,Cloudy,119,3.87
South,Clay,Wheat,179.28,19.55,0,1,Sunny,115,2.92
South,Sandy,Barley,959.57,22.31,0,0,Sunny,139,4.59
North,Silt,Cotton,279.37,32.94,0,1,Cloudy,113,2.92
South,Peaty,Wheat,874.57,16.96,1,1,Sunny,123,6.74
South,Peaty,Rice,864.04,16.13,1,1,Cloudy,71,8.14
South,Clay,Rice,213.97,24.15,1,0,Cloudy,107,2.94
West,Peaty,Rice,858.93,30.22,1,0,Sunny,79,6.87
West,Silt,Cotton,453.62,40.0,0,0,Sunny,97,2.86
East,Peaty,Soybean,825.63,29.74,0,1,Cloudy,70,6.9
West,Loam,Cotton,315.89,29.16,1,0,Sunny,108,3.06
South,Chalky,Cotton,875.49,15.27,0,1,Sunny,138,5.5
West,Peaty,Maize,289.7,24.43,1,1,Sunny,79,4.6
North,Clay,Soybean,124.6,24.38,0,0,Rainy,125,1.13
East,Silt,Soybean,925.72,17.09,0,0,Sunny,64,4.57
East,Peaty,Rice,774.4,26.96,1,0,Cloudy,95,5.08
West,Chalky,Soybean,186.26,32.39,1,1,Sunny,115,2.79
South,Silt,Wheat,684.3,37.97,1,1,Cloudy,134,6.86
East,Loam,Cotton,562.33,18.32,1,1,Sunny,118,5.37
North,Clay,Maize,233.84,25.55,1,1,Rainy,102,4.92
North,Loam,Cotton,535.99,20.91,0,0,Rainy,75,3.08
East,Sandy,Cotton,587.87,15.07,1,1,Sunny,141,5.87
South,Chalky,Cotton,424.88,21.98,0,0,Rainy,69,2.77
South,Clay,Barley,989.34,28.02,0,0,Sunny,61,5.75
West,Loam,Wheat,265.2,23.5,0,1,Rainy,145,2.17
West,Silt,Maize,351.0,19.82,1,1,Rainy,143,5.5
East,Silt,Maize,235.95,36.41,1,1,Rainy,101,4.82
West,Chalky,Maize,643.03,19.95,1,0,Cloudy,95,5.3
West,Sandy,Cotton,383.22,25.66,0,0,Rainy,144,2.06
West,Sandy,Soybean,308.33,18.59,0,0,Rainy,82,1.47
North,Clay,Rice,851.29,31.19,1,1,Sunny,93,7.66
West,Chalky,Soybean,641.61,33.97,1,1,Sunny,99,6.3
East,Silt,Rice,941.6,33.73,1,0,Cloudy,103,6.54
South,Sandy,Soybean,178.95,23.33,1,0,Sunny,127,3.67
West,Sandy,Cotton,610.43,18.62,1,1,Rainy,72,6.4
South,Silt,Soybean,283.08,27.97,0,1,Sunny,71,3.65
West,Silt,Rice,278.72,15.94,1,1,Cloudy,75,4.81
East,Peaty,Wheat,643.87,34.69,1,1,Rainy,139,6.4
North,Chalky,Rice,167.35,24.83,0,0,Cloudy,66,1.21
East,Sandy,Wheat,615.13,25.45,1,1,Cloudy,131,5.96
North,Sandy,Maize,612.94,20.55,1,1,Rainy,114,5.95
West,Chalky,Rice,674.93,24.38,0,0,Cloudy,112,4.32
West,Peaty,Maize,491.94,16.6,0,0,Sunny,98,2.26
North,Peaty,Wheat,116.39,28.52,1,1,Rainy,140,3.72
East,Clay,Soybean,428.13,37.82,0,0,Sunny,89,2.39
East,Loam,Soybean,811.84,36.15,1,0,Rainy,61,6.38
North,Peaty,Wheat,854.85,35.39,1,1,Sunny,66,8.13
West,Loam,Barley,370.25,18.31,0,0,Sunny,147,1.9
North,Sandy,Soybean,230.85,21.46,0,1,Cloudy,70,3.07
West,Sandy,Rice,849.54,27.51,1,0,Cloudy,112,6.89
North,Clay,Wheat,456.91,25.84,1,1,Cloudy,87,5.96
West,Chalky,Soybean,528.0,28.01,1,0,Sunny,111,5.05
North,Sandy,Rice,293.02,17.07,0,1,Cloudy,142,3.33
South,Chalky,Barley,499.92,30.42,1,0,Rainy,124,4.62
West,Peaty,Cotton,644.5,24.45,1,1,Sunny,89,6.24
East,Chalky,Rice,215.3,34.27,1,1,Cloudy,103,4.04
North,Chalky,Soybean,675.44,16.5,1,1,Sunny,83,6.58
East,Sandy,Soybean,562.53,39.96,1,0,Sunny,144,5.5
North,Loam,Wheat,112.4,34.15,0,1,Cloudy,85,2.55
East,Clay,Soybean,257.18,33.59,1,0,Cloudy,63,3.34
East,Silt,Wheat,590.09,19.38,1,1,Cloudy,102,6.17
North,Silt,Cotton,689.49,24.7,1,0,Sunny,105,5.74
North,Chalky,Soybean,664.79,29.15,1,0,Sunny,74,5.85
East,Loam,Barley,279.46,36.1,0,1,Cloudy,142,2.45
East,Clay,Maize,870.93,26.47,0,0,Rainy,143,4.43
East,Clay,Maize,801.93,24.73,0,1,Rainy,113,5.8
West,Sandy,Soybean,589.73,29.26,1,0,Rainy,107,4.81
West,Sandy,Cotton,555.05,36.08,0,1,Rainy,101,4.31
South,Peaty,Cotton,742.6,38.45,0,0,Sunny,77,4.82
West,Sandy,Soybean,363.73,27.01,0,1,Sunny,73,3.2
West,Chalky,Soybean,471.04,18.22,1,1,Sunny,69,5.21
North,Clay,Cotton,612.5,33.66,0,1,Rainy,61,4.9
South,Peaty,Barley,947.49,35.27,0,1,Rainy,118,6.3
South,Loam,Maize,185.94,35.27,0,1,Sunny,64,3.84
West,Loam,Rice,505.93,18.93,0,0,Rainy,108,2.69
North,Peaty,Barley,209.49,16.73,1,0,Rainy,143,3.64
North,Clay,Cotton,887.31,38.75,1,0,Sunny,147,5.47
South,Clay,Wheat,447.05,26.21,0,0,Rainy,109,3.21
North,Sandy,Rice,895.5,38.69,0,1,Rainy,144,6.51
East,Chalky,Cotton,623.52,21.9,0,0,Sunny,66,2.91
West,Silt,Soybean,796.65,15.5,1,0,Rainy,131,5.87
East,Clay,Wheat,619.45,36.32,1,1,Rainy,128,5.87
South,Sandy,Maize,831.35,16.14,1,1,Rainy,107,6.86
South,Clay,Wheat,929.67,28.87,1,1,Sunny,115,7.53
North,Sandy,Wheat,608.84,25.75,0,0,Cloudy,95,4.14
North,Clay,Wheat,298.15,35.24,0,0,Cloudy,105,2.2
South,Silt,Rice,778.45,19.45,1,0,Rainy,126,5.71
South,Silt,Wheat,821.58,24.94,0,0,Sunny,61,5.01
East,Chalky,Soybean,440.08,22.69,0,1,Sunny,124,4.1
East,Clay,Cotton,106.68,18.68,0,0,Sunny,64,0.41
North,Clay,Cotton,110.33,36.7,0,0,Sunny,120,1.15
East,Loam,Rice,420.0,27.39,1,0,Cloudy,105,3.82
North,Clay,Maize,593.38,19.72,0,0,Cloudy,88,2.34
North,Sandy,Cotton,290.69,23.86,1,1,Cloudy,101,4.91
West,Peaty,Cotton,375.86,15.83,0,1,Cloudy,107,3.4
North,Silt,Rice,843.34,29.45,1,0,Sunny,83,5.94
East,Chalky,Cotton,274.17,20.05,0,0,Rainy,148,1.1
South,Chalky,Wheat,496.72,25.91,0,1,Sunny,123,4.38
South,Loam,Cotton,917.66,15.52,1,0,Rainy,114,6.85
East,Sandy,Wheat,983.48,28.71,0,0,Cloudy,104,5.08
South,Silt,Rice,732.45,19.21,0,0,Cloudy,129,3.71
North,Peaty,Wheat,680.32,20.02,0,0,Sunny,77,3.4
South,Loam,Barley,840.31,24.09,1,0,Rainy,65,5.95
East,Chalky,Cotton,585.55,22.72,1,1,Sunny,82,5.56
South,Peaty,Barley,792.54,38.72,0,0,Rainy,111,5.55
North,Peaty,Cotton,222.08,15.51,0,0,Rainy,114,1.42
North,Loam,Soybean,995.82,15.54,1,0,Cloudy,145,6.82
East,Sandy,Maize,317.68,23.84,1,1,Rainy,85,4.37
East,Clay,Maize,782.91,34.97,1,1,Cloudy,123,7.83
East,Peaty,Barley,559.89,36.92,0,1,Cloudy,78,5.27
West,Sandy,Rice,299.11,15.51,0,0,Rainy,121,1.84
West,Chalky,Cotton,623.06,24.02,0,0,Sunny,132,3.32
North,Loam,Rice,777.18,29.21,1,0,Cloudy,129,6.49
West,Chalky,Cotton,108.08,23.2,1,0,Rainy,76,2.94
West,Loam,Wheat,634.54,15.84,1,0,Rainy,139,4.58
South,Clay,Wheat,587.85,38.95,1,1,Cloudy,99,5.67
West,Chalky,Barley,532.34,31.4,1,0,Rainy,98,4.03
South,Silt,Cotton,667.35,35.65,1,0,Cloudy,91,5.44
East,Silt,Barley,535.52,39.8,0,1,Sunny,144,5.67
South,Loam,Cotton,496.98,39.07,1,0,Rainy,140,5.36
South,Silt,Maize,219.08,21.95,1,1,Cloudy,87,4.25
East,Chalky,Rice,559.33,34.78,1,1,Rainy,132,6.31
East,Silt,Cotton,192.47,17.17,1,1,Cloudy,129,4.73
North,Peaty,Soybean,268.29,31.85,1,1,Rainy,60,4.33
North,Clay,Cotton,701.58,30.61,1,0,Cloudy,90,6.02
North,Chalky,Wheat,839.22,17.32,0,0,Cloudy,149,4.47
North,Sandy,Soybean,278.7,21.92,0,0,Rainy,113,2.26
South,Peaty,Cotton,386.11,23.21,0,0,Rainy,61,2.41
South,Sandy,Soybean,993.84,23.75,0,0,Rainy,112,5.4
North,Clay,Cotton,720.29,20.42,1,1,Sunny,92,6.65
West,Chalky,Wheat,351.74,29.82,0,0,Rainy,80,3.42
North,Silt,Soybean,826.37,39.39,1,1,Sunny,149,7.72
West,Loam,Rice,893.01,16.95,0,1,Sunny,87,6.3
East,Peaty,Maize,870.2,33.07,1,0,Cloudy,75,5.94
South,Chalky,Soybean,990.61,38.95,0,1,Sunny,71,7.08
South,Peaty,Rice,861.38,34.09,0,1,Sunny,138,5.72
West,Sandy,Soybean,368.04,31.69,0,0,Rainy,84,2.62
North,Chalky,Maize,212.54,35.29,0,1,Sunny,114,3.15
South,Sandy,Maize,352.21,22.42,0,0,Cloudy,86,2.25
West,Chalky,Cotton,417.8,38.51,1,1,Sunny,86,5.28
East,Peaty,Barley,522.8,37.36,0,0,Rainy,65,4.55
East,Silt,Barley,446.01,33.3,1,0,Cloudy,76,4.1
South,Clay,Cotton,833.0,15.27,0,0,Rainy,149,5.3
North,Clay,Maize,401.26,33.29,0,0,Rainy,67,2.25
West,Chalky,Wheat,384.64,17.52,1,0,Cloudy,90,4.02
South,Silt,Rice,549.78,30.4,0,1,Cloudy,133,4.3
East,Chalky,Wheat,884.51,16.11,0,0,Cloudy,76,5.03
North,Silt,Barley,656.67,29.72,0,0,Rainy,133,3.76
West,Sandy,Maize,752.14,30.18,1,0,Sunny,81,6.14
South,Chalky,Rice,567.45,35.33,1,0,Sunny,66,5.31
West,Peaty,Maize,610.39,33.91,0,1,Rainy,141,5.15
North,Chalky,Soybean,267.11,23.44,1,1,Sunny,80,5.33
North,Chalky,Barley,928.45,32.12,0,1,Sunny,145,6.81
East,Chalky,Soybean,646.98,33.06,1,1,Cloudy,116,6.04
North,Clay,Rice,823.14,24.64,0,1,Rainy,131,5.43
South,Peaty,Barley,855.66,36.33,1,0,Sunny,118,6.98
West,Clay,Barley,167.18,26.64,1,1,Cloudy,137,3.98
North,Peaty,Rice,552.05,18.06,1,1,Cloudy,95,5.68
North,Clay,Barley,703.97,15.51,0,1,Cloudy,136,4.77
South,Loam,Soybean,730.76,33.56,1,1,Rainy,146,7.64
West,Loam,Barley,396.31,22.37,0,0,Sunny,145,3.24
West,Clay,Barley,204.64,15.35,1,0,Rainy,130,2.99
East,Loam,Soybean,352.97,32.59,0,0,Sunny,109,2.64
East,Peaty,Maize,916.69,34.29,0,1,Cloudy,75,6.3
West,Peaty,Maize,189.55,15.84,0,0,Sunny,147,1.62
South,Peaty,Maize,463.42,18.08,0,0,Sunny,107,3.03
South,Loam,Wheat,264.53,32.57,0,1,Cloudy,124,2.74
East,Clay,Rice,828.17,22.51,1,0,Sunny,108,6.57
North,Peaty,Rice,994.15,24.49,1,0,Sunny,79,7.8
South,Loam,Maize,387.59,36.8,1,1,Sunny,84,5.2
North,Loam,Rice,472.64,19.03,0,0,Cloudy,69,3.13
South,Chalky,Soybean,670.72,15.14,0,0,Cloudy,148,3.99
West,Chalky,Wheat,618.39,28.09,0,1,Rainy,98,4.88
East,Silt,Soybean,196.89,38.15,1,1,Cloudy,128,5.3
North,Sandy,Maize,920.63,35.23,1,1,Sunny,109,7.28
North,Peaty,Cotton,968.65,27.15,1,1,Rainy,67,7.93
West,Clay,Maize,643.36,17.76,1,0,Cloudy,60,4.64
South,Peaty,Wheat,725.91,27.11,0,1,Rainy,75,5.04
North,Silt,Maize,538.47,20.24,1,0,Sunny,122,3.97
South,Peaty,Soybean,163.7,21.4,1,0,Rainy,126,2.86
West,Peaty,Barley,312.6,35.71,1,1,Cloudy,81,4.25
East,Peaty,Barley,414.43,18.45,1,0,Rainy,127,3.54
North,Peaty,Wheat,927.76,35.83,0,0,Cloudy,139,5.48
South,Silt,Soybean,143.33,18.15,1,1,Rainy,78,4.82
North,Clay,Barley,445.81,24.3,0,0,Rainy,61,3.52
South,Clay,Rice,817.09,28.3,1,0,Sunny,124,7.06
South,Clay,Rice,425.51,34.42,1,0,Sunny,121,4.79
South,Loam,Barley,788.16,32.42,1,0,Cloudy,96,6.74
West,Clay,Wheat,722.26,19.27,0,0,Rainy,90,3.93
East,Chalky,Maize,901.23,15.42,1,1,Cloudy,138,7.53
North,Silt,Rice,498.01,37.12,0,1,Sunny,63,4.66
East,Loam,Soybean,812.36,38.92,0,1,Cloudy,129,6.33
South,Silt,Wheat,942.64,36.23,0,1,Sunny,120,6.54
South,Clay,Maize,724.05,19.0,0,1,Rainy,84,5.22
East,Sandy,Cotton,227.32,33.71,0,0,Sunny,89,0.4
East,Silt,Maize,100.11,39.34,1,0,Cloudy,81,1.75
North,Chalky,Maize,693.69,33.24,0,1,Sunny,102,4.72
South,Peaty,Soybean,847.92,39.89,1,1,Rainy,134,8.39
East,Loam,Wheat,503.34,16.19,1,1,Rainy,86,6.52
West,Peaty,Soybean,846.07,15.77,0,1,Rainy,87,6.25
South,Sandy,Barley,607.72,34.22,1,0,Cloudy,132,5.33
South,Clay,Rice,651.66,30.88,1,0,Sunny,96,5.53
North,Sandy,Cotton,781.43,25.54,1,0,Rainy,66,5.88
West,Loam,Rice,325.87,23.43,1,1,Sunny,79,5.0
North,Peaty,Maize,850.93,31.69,1,1,Rainy,107,7.66
West,Loam,Maize,964.71,26.84,0,1,Cloudy,61,5.8
North,Peaty,Wheat,227.4,32.91,0,1,Sunny,81,3.25
West,Peaty,Maize,133.25,36.43,0,1,Cloudy,120,2.37
West,Silt,Maize,488.21,28.75,1,1,Cloudy,66,5.76
West,Peaty,Wheat,356.28,25.49,1,1,Rainy,125,4.77
East,Peaty,Cotton,101.02,33.8,0,0,Rainy,117,-0.01
South,Loam,Rice,757.17,35.78,1,1,Sunny,107,6.96
West,Sandy,Cotton,696.54,32.83,1,0,Sunny,88,5.47
East,Clay,Barley,199.78,23.66,0,0,Sunny,141,1.81
East,Silt,Rice,471.99,15.63,0,1,Sunny,93,4.58
North,Sandy,Barley,120.07,35.15,1,0,Sunny,97,2.4
South,Loam,Soybean,283.22,35.57,1,1,Rainy,123,3.95
South,Chalky,Soybean,202.16,17.99,0,0,Rainy,143,1.4
North,Chalky,Wheat,606.32,21.53,0,0,Cloudy,77,3.29
South,Loam,Maize,307.71,34.32,1,0,Sunny,130,3.55
North,Peaty,Rice,938.86,21.41,1,0,Cloudy,79,6.14
East,Silt,Maize,701.64,22.91,0,0,Cloudy,104,3.6
East,Peaty,Rice,745.39,32.88,1,1,Sunny,111,7.23
West,Peaty,Wheat,135.76,21.54,0,1,Rainy,87,1.65
North,Chalky,Barley,322.19,28.99,0,0,Cloudy,95,1.85
East,Clay,Cotton,569.3,34.97,1,1,Sunny,73,6.7
East,Loam,Wheat,541.15,39.93,1,0,Cloudy,68,4.51
North,Sandy,Wheat,514.79,35.62,1,0,Rainy,71,5.26
East,Sandy,Cotton,809.99,22.37,1,1,Cloudy,99,6.94
South,Sandy,Barley,365.55,26.38,0,0,Cloudy,111,2.11
East,Chalky,Cotton,157.09,32.81,1,1,Sunny,78,3.81
North,Chalky,Rice,760.24,35.26,1,0,Rainy,68,5.77
South,Silt,Wheat,705.82,24.15,1,0,Cloudy,62,5.46
South,Clay,Rice,632.09,29.14,1,0,Sunny,134,5.1
East,Silt,Barley,644.29,23.69,1,1,Sunny,80,5.82
West,Clay,Rice,861.02,16.19,0,0,Sunny,113,4.91
South,Silt,Wheat,740.99,38.55,1,1,Sunny,110,7.24
North,Loam,Barley,468.43,17.02,0,1,Rainy,89,4.49
West,Silt,Wheat,464.6,37.65,0,0,Cloudy,92,3.78
West,Sandy,Cotton,690.59,23.75,0,1,Cloudy,86,4.84
South,Silt,Wheat,572.35,22.84,0,1,Sunny,140,4.59
East,Clay,Wheat,220.48,39.43,0,1,Sunny,98,3.14
West,Peaty,Wheat,822.22,27.89,0,0,Sunny,99,4.01
East,Chalky,Rice,450.39,23.87,1,0,Cloudy,83,3.92
South,Chalky,Barley,329.29,28.1,0,0,Rainy,99,1.87
North,Clay,Rice,348.66,15.48,1,1,Cloudy,149,5.0
West,Clay,Wheat,622.92,20.93,1,1,Rainy,98,6.8
North,Chalky,Wheat,604.93,17.48,1,1,Sunny,112,6.62
East,Silt,Barley,360.96,24.84,1,0,Sunny,99,4.68
East,Peaty,Barley,455.45,32.01,1,0,Sunny,121,4.88
North,Chalky,Rice,248.22,26.36,0,0,Rainy,72,1.65
South,Silt,Cotton,481.17,17.14,0,0,Sunny,117,2.98
South,Chalky,Soybean,964.61,25.99,0,1,Rainy,105,6.41
West,Silt,Wheat,192.04,16.76,1,0,Cloudy,119,2.91
West,Peaty,Soybean,858.23,15.3,0,0,Rainy,70,4.91
South,Clay,Barley,209.02,37.93,1,1,Cloudy,119,3.14
South,Clay,Barley,661.23,24.87,1,1,Cloudy,96,6.25
North,Loam,Maize,500.77,23.11,0,0,Sunny,82,2.58
East,Peaty,Rice,219.59,38.5,0,0,Rainy,77,1.38
East,Peaty,Wheat,676.41,15.35,0,1,Cloudy,68,5.66
West,Sandy,Maize,486.17,23.35,0,1,Cloudy,137,3.93
South,Chalky,Wheat,406.76,22.68,1,0,Rainy,72,3.47
North,Sandy,Wheat,697.66,27.11,0,0,Rainy,145,3.4
West,Sandy,Barley,543.53,24.38,1,1,Rainy,83,6.23
North,Peaty,Rice,403.72,33.17,1,0,Sunny,122,4.13
South,Silt,Barley,959.73,16.29,1,1,Cloudy,101,6.92
South,Loam,Wheat,437.37,19.69,1,1,Cloudy,120,5.23
South,Sandy,Rice,641.92,22.03,0,1,Rainy,78,4.49
East,Chalky,Wheat,693.35,25.83,1,0,Cloudy,85,5.44
South,Silt,Barley,301.71,32.04,1,1,Rainy,126,4.98
West,Silt,Maize,989.81,36.88,1,0,Sunny,130,6.5
East,Loam,Rice,210.79,18.47,0,0,Rainy,81,0.96
North,Loam,Rice,194.66,27.17,0,0,Sunny,134,1.46
West,Peaty,Wheat,819.28,20.15,0,0,Sunny,145,4.38
West,Peaty,Barley,530.51,15.57,1,1,Sunny,101,5.86
North,Chalky,Barley,114.77,15.25,1,0,Cloudy,115,2.62
East,Chalky,Cotton,248.2,31.59,1,1,Rainy,91,4.45
West,Peaty,Cotton,227.12,20.12,1,0,Cloudy,129,1.97
West,Clay,Soybean,522.93,24.97,1,0,Sunny,92,5.0
West,Silt,Cotton,565.28,39.75,0,1,Rainy,104,4.48
East,Chalky,Barley,162.96,35.09,0,1,Rainy,102,2.37
East,Silt,Rice,893.03,28.29,0,1,Cloudy,102,5.77
East,Clay,Soybean,571.26,32.8,1,1,Rainy,64,5.87
West,Peaty,Wheat,336.27,17.66,1,1,Sunny,64,5.65
South,Loam,Cotton,769.36,35.07,1,0,Sunny,65,6.29
North,Loam,Maize,574.48,37.47,0,0,Rainy,103,4.47
South,Loam,Cotton,914.3,16.13,0,1,Sunny,101,5.43
East,Clay,Soybean,378.38,15.64,1,1,Sunny,145,4.13
West,Peaty,Soybean,318.08,27.85,0,0,Cloudy,78,2.22
West,Loam,Wheat,656.34,15.85,1,1,Cloudy,137,5.91
South,Loam,Barley,129.59,18.36,1,0,Sunny,138,3.07
South,Sandy,Cotton,377.27,29.79,1,0,Rainy,124,3.71
North,Clay,Soybean,773.17,39.91,0,0,Rainy,109,4.3
West,Loam,Rice,483.2,37.43,0,1,Cloudy,62,4.55
South,Silt,Barley,414.55,26.24,0,1,Cloudy,85,4.09
North,Loam,Wheat,508.47,19.29,1,0,Sunny,135,4.54
East,Chalky,Soybean,849.1,30.99,0,0,Rainy,65,5.18
South,Peaty,Wheat,880.74,26.5,0,1,Cloudy,127,5.41
East,Peaty,Soybean,499.7,27.41,0,1,Sunny,94,4.59
North,Clay,Soybean,487.63,22.77,1,1,Rainy,111,4.89
East,Chalky,Rice,731.6,39.97,0,1,Cloudy,92,5.34
West,Peaty,Wheat,630.04,30.15,0,0,Cloudy,68,4.01
West,Loam,Barley,848.46,32.36,1,1,Rainy,127,8.13
East,Sandy,Cotton,684.19,19.49,0,1,Rainy,108,5.2
West,Peaty,Maize,423.76,17.06,1,0,Sunny,111,3.68
North,Silt,Rice,155.24,33.02,0,0,Cloudy,80,1.15
West,Sandy,Wheat,488.27,24.18,0,1,Cloudy,119,3.81
East,Loam,Rice,565.85,30.27,0,0,Sunny,85,3.31
East,Loam,Maize,244.0,24.36,1,1,Cloudy,78,4.92
East,Loam,Cotton,645.26,28.75,1,0,Sunny,84,4.98
South,Silt,Wheat,530.44,18.56,1,1,Sunny,72,5.67
East,Peaty,Maize,121.98,30.99,0,1,Sunny,71,2.45
North,Loam,Maize,621.73,36.2,1,1,Cloudy,132,7.07
West,Loam,Maize,966.01,30.05,1,0,Cloudy,111,7.58
West,Sandy,Barley,476.4,21.14,1,1,Sunny,86,5.61
South,Sandy,Cotton,504.81,36.41,0,1,Sunny,128,5.86
South,Loam,Maize,851.92,35.15,1,0,Sunny,71,7.16
North,Chalky,Maize,214.8,26.84,1,1,Rainy,148,4.23
East,Loam,Cotton,242.56,17.0,1,1,Cloudy,73,3.69
South,Sandy,Wheat,932.15,18.49,1,0,Cloudy,114,5.79
West,Loam,Maize,526.88,18.15,1,0,Rainy,75,5.44
South,Sandy,Soybean,272.73,19.39,0,1,Sunny,100,3.58
South,Silt,Barley,564.26,15.28,0,1,Rainy,80,4.41
East,Loam,Wheat,438.24,17.09,1,0,Rainy,127,4.26
South,Sandy,Soybean,825.17,29.94,1,0,Rainy,66,5.82
North,Sandy,Wheat,227.12,15.5,0,1,Cloudy,147,3.12
West,Clay,Rice,872.68,36.6,1,0,Cloudy,98,6.96
East,Clay,Cotton,604.12,23.67,1,1,Rainy,97,5.89
West,Sandy,Barley,403.88,30.1,0,0,Cloudy,98,2.47
North,Peaty,Wheat,506.47,25.24,1,1,Sunny,136,6.33
North,Silt,Maize,568.86,36.19,0,0,Rainy,97,3.14
South,Silt,Rice,996.07,34.57,0,0,Sunny,132,6.05
South,Sandy,Maize,404.16,27.14,0,1,Cloudy,120,3.46
South,Peaty,Cotton,602.53,18.92,0,0,Cloudy,109,3.43
West,Chalky,Cotton,314.37,23.33,1,0,Sunny,102,4.08
North,Clay,Rice,345.45,25.71,1,0,Sunny,146,3.79
East,Clay,Cotton,907.75,26.19,0,0,Rainy,63,4.8
South,Loam,Maize,829.05,16.24,0,0,Cloudy,91,4.78
West,Silt,Wheat,683.65,16.76,0,0,Cloudy,72,4.08
South,Sandy,Cotton,191.69,38.01,0,0,Cloudy,87,0.98
North,Clay,Rice,752.04,39.55,0,1,Sunny,105,5.77
East,Silt,Cotton,316.32,15.56,1,1,Cloudy,68,4.28
North,Peaty,Barley,239.7,29.86,0,1,Rainy,143,3.39
West,Clay,Wheat,848.32,38.16,0,0,Sunny,74,4.28
South,Silt,Soybean,703.65,24.47,0,1,Cloudy,62,5.23
North,Peaty,Wheat,157.33,19.51,1,1,Rainy,105,3.9
West,Loam,Barley,263.76,25.6,1,1,Cloudy,67,4.8
South,Chalky,Maize,288.05,19.28,0,0,Sunny,145,2.88
East,Silt,Cotton,451.23,26.1,1,0,Rainy,122,4.29
North,Clay,Maize,781.62,17.46,0,1,Rainy,67,6.11
South,Chalky,Rice,557.73,34.17,0,1,Cloudy,94,4.0
South,Loam,Wheat,319.75,25.19,1,1,Rainy,96,5.37
South,Sandy,Wheat,109.8,35.83,1,1,Rainy,103,3.36
South,Chalky,Wheat,445.27,23.66,1,0,Sunny,145,5.14
North,Sandy,Rice,682.31,18.08,1,0,Sunny,140,5.02
South,Loam,Cotton,519.8,19.95,1,1,Rainy,60,6.18
West,Silt,Maize,669.97,32.16,1,1,Rainy,102,6.39
North,Peaty,Cotton,525.62,32.17,0,0,Rainy,129,3.97
South,Clay,Rice,592.72,34.86,0,0,Cloudy,116,3.78
North,Chalky,Maize,307.26,33.84,1,0,Sunny,116,3.35
West,Loam,Maize,585.64,39.29,0,0,Cloudy,68,3.5
West,Peaty,Maize,908.42,16.93,0,0,Rainy,96,5.55
North,Loam,Wheat,666.63,26.65,1,0,Cloudy,60,5.36
South,Peaty,Rice,385.33,22.06,0,0,Cloudy,135,2.41
South,Chalky,Wheat,608.25,30.49,0,0,Cloudy,74,4.14
West,Silt,Barley,864.58,17.51,1,0,Sunny,81,6.4
South,Sandy,Barley,500.13,30.76,1,1,Cloudy,112,5.69
West,Silt,Wheat,654.35,23.97,0,0,Rainy,125,4.18
South,Peaty,Cotton,709.17,38.89,0,1,Rainy,116,5.3
West,Chalky,Wheat,900.69,27.26,0,1,Sunny,137,6.8
East,Silt,Maize,985.16,22.38,1,1,Rainy,64,9.14
South,Sandy,Cotton,175.62,39.18,0,1,Rainy,83,3.63
South,Clay,Maize,157.56,23.93,0,0,Cloudy,128,1.39
South,Loam,Wheat,274.74,32.73,0,0,Rainy,120,2.14
North,Peaty,Barley,442.4,20.29,0,0,Cloudy,126,2.55
South,Sandy,Maize,809.29,26.74,0,1,Cloudy,64,5.94
North,Peaty,Barley,240.74,21.93,1,1,Cloudy,135,4.71
North,Chalky,Maize,209.31,33.6,1,1,Rainy,121,3.67
West,Chalky,Soybean,445.84,26.04,0,1,Cloudy,125,3.26
North,Peaty,Maize,938.67,31.54,0,1,Rainy,119,5.93
North,Silt,Cotton,990.7,29.65,1,0,Sunny,128,7.61
East,Loam,Barley,718.04,17.31,0,0,Cloudy,72,4.59
South,Chalky,Rice,344.38,22.31,1,1,Rainy,100,4.35
North,Chalky,Rice,518.93,29.68,0,0,Cloudy,73,2.13
South,Chalky,Maize,216.13,15.84,0,1,Sunny,136,2.71
North,Sandy,Barley,642.02,27.0,1,1,Sunny,63,6.28
West,Clay,Rice,324.28,22.42,0,1,Cloudy,85,3.8
East,Sandy,Maize,796.69,18.03,1,1,Rainy,75,6.47
North,Chalky,Soybean,179.14,16.03,0,0,Cloudy,103,0.98
South,Silt,Cotton,601.22,35.71,1,0,Cloudy,103,4.8
West,Peaty,Wheat,842.09,18.39,1,1,Cloudy,122,6.75
South,Clay,Rice,707.77,21.1,1,0,Cloudy,149,5.73
West,Silt,Rice,878.82,28.52,0,1,Sunny,87,5.6
East,Silt,Cotton,665.53,33.26,1,1,Sunny,140,6.66
West,Chalky,Rice,100.2,30.56,0,1,Sunny,68,2.06
South,Loam,Maize,245.0,35.43,1,0,Sunny,75,3.36
South,Peaty,Cotton,143.29,25.43,1,0,Sunny,115,2.11
North,Loam,Rice,273.97,31.28,1,1,Rainy,89,5.06
West,Chalky,Cotton,648.48,35.93,1,1,Sunny,147,6.35
South,Peaty,Maize,161.01,21.14,1,1,Sunny,105,3.78
North,Loam,Maize,581.27,25.93,0,0,Cloudy,130,2.92
East,Sandy,Maize,294.73,27.28,1,1,Sunny,121,5.06
South,Loam,Rice,954.28,24.7,1,1,Sunny,84,8.03
North,Chalky,Barley,599.1,31.03,0,1,Sunny,83,4.57
South,Clay,Rice,354.78,36.86,0,1,Sunny,102,3.99
West,Loam,Rice,843.3,36.39,1,1,Rainy,137,7.58
North,Sandy,Soybean,815.11,32.65,0,1,Cloudy,136,6.38
West,Sandy,Soybean,660.8,15.8,0,0,Cloudy,81,4.22
East,Chalky,Barley,921.64,21.82,0,1,Cloudy,133,4.74
West,Sandy,Barley,648.52,27.06,1,1,Rainy,72,6.22
North,Chalky,Barley,535.9,19.93,1,0,Cloudy,106,4.93
South,Loam,Wheat,376.67,30.56,0,1,Cloudy,89,3.2
North,Peaty,Maize,999.64,22.96,1,0,Sunny,143,6.85
West,Loam,Barley,286.2,27.29,1,0,Rainy,93,2.91
West,Chalky,Soybean,115.05,32.28,1,1,Cloudy,121,2.92
South,Peaty,Cotton,864.85,16.43,1,0,Cloudy,99,6.88
East,Chalky,Soybean,559.28,38.36,0,1,Sunny,128,4.65
North,Silt,Maize,427.57,31.7,1,0,Cloudy,88,3.95
South,Sandy,Cotton,242.95,28.85,0,0,Sunny,145,1.57
South,Silt,Barley,570.12,33.7,1,0,Cloudy,99,4.44
South,Silt,Rice,962.57,27.35,1,1,Rainy,113,7.1
North,Peaty,Soybean,846.05,21.14,0,0,Rainy,77,3.62
North,Chalky,Maize,411.84,24.36,1,0,Cloudy,139,4.21
North,Silt,Barley,135.75,33.41,1,0,Cloudy,101,2.44
East,Silt,Cotton,940.87,28.42,1,1,Cloudy,104,7.36
South,Loam,Soybean,958.85,36.7,1,1,Sunny,60,7.93
West,Peaty,Wheat,387.09,37.7,0,0,Rainy,144,2.4
West,Chalky,Cotton,545.92,30.16,1,0,Sunny,68,4.9
South,Sandy,Soybean,812.04,22.38,0,0,Cloudy,88,4.78
West,Chalky,Barley,920.34,26.1,1,0,Sunny,127,6.76
East,Loam,Barley,834.37,27.51,0,0,Rainy,75,4.78
East,Sandy,Wheat,123.06,22.94,1,1,Cloudy,66,4.54
North,Clay,Wheat,212.3,21.57,1,0,Rainy,148,2.56
North,Silt,Rice,138.04,33.8,1,0,Cloudy,80,2.41
North,Loam,Soybean,436.73,31.89,0,0,Sunny,69,3.24
North,Sandy,Wheat,443.18,27.08,0,0,Sunny,137,1.99
North,Peaty,Soybean,207.56,37.39,0,0,Sunny,88,1.71
West,Loam,Cotton,929.34,19.94,1,0,Cloudy,87,6.76
West,Peaty,Barley,366.76,27.91,1,0,Rainy,130,3.87
North,Clay,Soybean,720.1,36.8,1,1,Cloudy,62,6.28
East,Peaty,Barley,829.06,24.1,1,1,Sunny,64,8.08
West,Clay,Maize,674.31,20.34,1,0,Cloudy,143,5.82
East,Silt,Rice,938.24,24.8,0,1,Rainy,127,6.65
East,Chalky,Rice,418.68,29.07,1,0,Sunny,142,4.48
South,Chalky,Rice,483.69,39.23,1,0,Cloudy,146,4.89
South,Clay,Barley,238.58,34.19,1,0,Sunny,126,3.77
North,Peaty,Maize,714.9,22.68,1,0,Rainy,108,5.7
East,Peaty,Maize,695.25,37.3,1,1,Sunny,146,7.29
West,Chalky,Maize,307.33,33.41,1,1,Cloudy,67,5.29
South,Silt,Cotton,288.88,27.95,0,0,Cloudy,98,1.54
South,Peaty,Wheat,125.79,30.99,0,1,Rainy,86,2.17
East,Clay,Maize,716.81,32.6,0,0,Rainy,139,3.61
South,Loam,Rice,287.69,30.82,1,0,Rainy,120,3.5
South,Clay,Wheat,535.1,27.68,0,1,Sunny,107,4.27
