Region,Soil_Type,Crop,Rainfall_mm,Temperature_Celsius,Fertilizer_Used,Irrigation_Used,Weather_Condition,Days_to_Harvest,Yield_tons_per_hectare,Trial_year,Cost_Euros
West,Sandy,Cotton,897.08,27.68,0,1,Cloudy,122,6.56,2018-01-20,7723
South,Clay,Rice,992.67,18.03,1,1,Rainy,140,8.53,2019-07-19,6439
North,Loam,Barley,148.0,29.79,0,0,Sunny,106,1.13,2016-06-27,4245
North,Sandy,Soybean,986.87,16.64,0,1,Rainy,146,6.52,2018-07-13,11120
South,Silt,Wheat,730.38,31.62,1,1,Cloudy,110,7.25,2018-11-20,1602
South,Silt,Soybean,797.47,37.7,0,1,Rainy,74,5.9,2019-08-16,4408
West,Clay,Wheat,357.9,31.59,0,0,Rainy,90,2.65,2016-05-17,9558
South,Sandy,Rice,441.13,30.89,1,1,Sunny,61,5.83,2016-10-19,6611
North,Silt,Wheat,181.59,26.75,1,0,Sunny,127,2.94,2018-05-13,12363
West,Sandy,Wheat,395.05,17.65,0,1,Rainy,140,3.71,2017-07-08,11543
North,Peaty,Wheat,385.14,21.66,0,0,Sunny,73,2.56,2018-06-02,3924
East,Sandy,Cotton,145.3,19.76,1,1,Cloudy,141,4.37,2018-09-27,10988
South,Peaty,Cotton,607.15,15.56,1,1,Sunny,136,6.53,2018-08-17,5457
East,Clay,Barley,929.12,29.68,0,1,Rainy,134,6.49,2018-09-11,6986
North,Peaty,Barley,621.78,26.84,1,0,Rainy,77,4.57,2019-05-22,9564
East,Chalky,Rice,874.46,27.26,1,0,Sunny,115,5.84,2016-02-06,1851
East,Peaty,Wheat,787.08,25.67,0,0,Cloudy,68,4.37,2019-09-21,3868
North,Clay,Cotton,416.9,23.19,1,1,Sunny,95,4.86,2019-10-19,3774
North,Sandy,Barley,977.26,17.6,0,1,Sunny,93,5.78,2019-02-18,9335
South,Clay,Maize,888.21,39.95,1,0,Rainy,76,7.17,2018-03-25,5545
East,Clay,Cotton,990.27,24.07,0,1,Sunny,110,6.19,2017-12-20,3039
West,Loam,Barley,183.94,34.23,1,0,Cloudy,99,3.02,2016-05-18,11428
West,Clay,Rice,935.8,20.89,1,1,Rainy,71,7.76,2017-10-12,9167
North,Loam,Wheat,824.44,29.85,0,0,Sunny,100,4.55,2019-07-26,6312
North,Peaty,Cotton,480.31,35.46,0,0,Rainy,121,2.94,2019-06-19,5177
East,Chalky,Maize,170.81,29.12,0,1,Sunny,133,2.33,2017-03-07,5875
North,Clay,Wheat,615.35,27.76,1,0,Rainy,142,4.88,2017-11-18,11250
West,Silt,Barley,334.73,31.14,1,1,Sunny,140,4.46,2017-02-09,5980
South,Silt,Maize,259.42,17.26,0,0,Sunny,110,2.34,2019-10-21,6287
South,Loam,Wheat,786.77,23.2,1,1,Rainy,123,6.94,2019-11-04,7582
East,Silt,Maize,609.8,38.27,1,0,Cloudy,127,5.11,2016-02-21,11138
South,Silt,Rice,476.68,29.34,1,1,Sunny,67,6.41,2016-09-22,4538
North,Clay,Wheat,356.82,36.58,1,0,Cloudy,130,4.01,2019-05-06,5050
North,Loam,Soybean,600.2,20.94,1,0,Sunny,75,4.9,2017-03-22,6595
North,Loam,Rice,180.72,18.21,0,0,Rainy,83,0.8,2017-07-27,5781
North,Sandy,Barley,475.78,22.95,0,0,Rainy,94,3.61,2016-10-09,8390
East,Clay,Maize,599.88,19.91,1,0,Cloudy,63,4.7,2019-01-01,7692
South,Peaty,Cotton,492.56,17.21,0,1,Cloudy,86,5.63,2016-10-11,8667
West,Silt,Cotton,841.56,17.57,1,1,Sunny,98,6.75,2016-05-08,5875
South,Clay,Barley,808.98,36.13,1,0,Cloudy,66,6.31,2018-07-02,12454
North,Peaty,Barley,138.94,31.61,1,0,Cloudy,139,2.37,2018-08-06,1823
West,Peaty,Rice,805.7,29.2,1,0,Sunny,145,6.34,2018-07-28,11312
East,Peaty,Rice,634.19,38.45,0,0,Sunny,127,4.17,2017-12-10,10936
North,Silt,Wheat,167.4,28.11,0,1,Rainy,148,2.97,2019-08-20,11578
North,Chalky,Cotton,396.98,35.0,0,1,Sunny,132,4.24,2019-09-13,1461
West,Silt,Wheat,680.14,34.48,1,0,Rainy,109,5.98,2019-05-16,9252
East,Peaty,Barley,844.77,30.49,0,1,Rainy,142,5.68,2019-10-10,2930
West,Clay,Rice,801.94,28.76,0,1,Sunny,124,5.35,2018-03-22,7851
East,Loam,Maize,695.21,23.74,1,0,Cloudy,139,5.9,2017-11-24,9589
North,Sandy,Cotton,802.64,35.41,1,0,Sunny,82,6.65,2017-04-05,1253
South,Peaty,Rice,378.55,38.14,1,0,Cloudy,64,4.66,2018-05-01,4655
North,Clay,Maize,318.01,37.38,0,1,Rainy,121,4.13,2017-06-11,6549
South,Loam,Cotton,652.35,39.16,0,1,Rainy,76,5.49,2018-05-27,11006
South,Clay,Barley,765.69,26.57,0,0,Sunny,98,4.76,2019-05-06,11183
East,Loam,Cotton,617.93,15.91,0,0,Sunny,96,3.97,2018-03-13,8633
West,Sandy,Maize,224.07,38.19,0,1,Rainy,132,2.49,2019-04-28,3836
East,Silt,Rice,896.14,30.2,0,1,Sunny,131,6.35,2019-04-10,11853
North,Sandy,Wheat,435.25,25.5,0,1,Sunny,74,3.19,2016-09-08,6129
West,Sandy,Soybean,408.22,21.85,0,1,Cloudy,133,4.88,2018-01-27,7092
South,Chalky,Wheat,960.79,15.49,0,1,Rainy,132,6.41,2016-10-08,11513
South,Loam,Rice,965.53,19.58,0,1,Rainy,92,5.82,2018-08-18,4029
North,Clay,Maize,348.13,37.17,1,1,Cloudy,148,5.02,2018-03-18,2506
West,Loam,Wheat,624.71,29.02,1,1,Cloudy,145,6.8,2016-10-24,7294
North,Sandy,Maize,191.12,19.55,1,0,Cloudy,75,2.13,2016-10-04,2248
North,Peaty,Cotton,262.95,36.94,0,1,Sunny,142,3.05,2018-05-15,9340
East,Peaty,Wheat,724.26,27.95,0,1,Cloudy,126,5.76,2017-01-18,6779
North,Chalky,Soybean,997.41,16.19,1,0,Sunny,139,7.54,2019-03-27,5559
West,Chalky,Maize,932.57,38.3,1,0,Rainy,61,5.98,2016-04-21,11873
North,Clay,Rice,504.36,28.89,0,1,Cloudy,118,5.07,2019-02-21,9718
West,Silt,Rice,124.47,20.63,0,0,Sunny,72,0.81,2017-11-20,9706
South,Clay,Maize,977.62,23.77,1,1,Sunny,66,7.81,2017-04-18,954
North,Peaty,Rice,588.38,26.17,0,1,Sunny,70,5.24,2017-07-19,12075
West,Sandy,Soybean,758.68,34.32,0,0,Rainy,138,4.2,2016-12-15,1794
South,Clay,Soybean,601.42,30.23,1,1,Sunny,80,6.38,2017-04-13,4609
West,Chalky,Maize,257.07,18.54,1,0,Rainy,103,3.32,2016-08-05,10175
South,Chalky,Wheat,153.69,25.96,1,1,Rainy,60,3.31,2017-08-16,10285
East,Clay,Cotton,620.61,29.62,1,1,Cloudy,108,6.48,2019-09-21,5489
North,Peaty,Soybean,928.16,35.37,0,1,Rainy,137,6.56,2019-09-24,9431
North,Loam,Wheat,405.74,17.46,1,0,Rainy,145,4.26,2018-09-17,3374
South,Peaty,Wheat,252.82,17.15,0,0,Sunny,76,0.62,2019-05-16,11354
East,Peaty,Cotton,325.22,24.88,1,1,Cloudy,111,5.42,2018-04-21,5298
West,Silt,Rice,623.74,23.31,0,1,Sunny,83,4.98,2019-04-19,10728
East,Sandy,Soybean,462.37,25.77,0,1,Rainy,147,4.6,2016-01-02,7177
West,Silt,Maize,903.78,20.6,0,0,Cloudy,128,5.85,2019-09-05,12502
West,Clay,Barley,175.04,23.83,1,1,Sunny,89,3.13,2018-02-20,5558
North,Sandy,Soybean,469.69,24.26,0,1,Cloudy,146,5.1,2018-01-25,11152
South,Peaty,Barley,300.31,17.58,0,1,Sunny,125,1.76,2017-11-03,1772
North,Loam,Barley,254.97,27.07,1,1,Sunny,62,5.6,2016-04-19,4140
North,Sandy,Rice,352.91,19.18,1,0,Sunny,145,3.62,2019-04-15,6427
North,Silt,Wheat,154.85,36.83,0,1,Rainy,90,3.15,2017-12-10,7793
West,Chalky,Barley,806.57,20.82,0,1,Cloudy,96,5.65,2019-11-15,9915
North,Clay,Wheat,153.02,26.8,0,0,Rainy,69,1.22,2019-01-24,9307
West,Clay,Barley,309.27,27.08,1,1,Cloudy,88,5.58,2017-09-17,5825
South,Sandy,Soybean,115.97,15.11,1,0,Cloudy,102,2.33,2017-09-08,7694
West,Loam,Wheat,569.94,27.56,0,1,Sunny,124,4.24,2017-01-17,5893
West,Sandy,Maize,874.97,33.22,1,1,Sunny,132,7.66,2017-03-27,10952
East,Loam,Wheat,768.79,30.91,0,0,Cloudy,89,4.56,2017-01-09,8784
North,Loam,Wheat,564.02,39.57,0,0,Cloudy,149,4.03,2019-09-17,7990
North,Sandy,Maize,432.4,26.29,1,0,Cloudy,78,3.63,2017-07-10,4633
North,Sandy,Maize,607.01,35.31,0,0,Rainy,73,3.63,2016-11-26,11297
North,Peaty,Rice,876.18,20.89,1,0,Sunny,148,5.93,2018-11-03,11809
East,Peaty,Soybean,759.47,25.21,0,1,Sunny,61,4.84,2017-06-26,9891
East,Silt,Maize,207.93,34.02,0,1,Cloudy,145,3.0,2017-04-16,11624
East,Loam,Rice,153.93,27.11,1,1,Sunny,149,3.51,2019-04-01,4855
East,Chalky,Wheat,293.37,16.81,1,0,Sunny,123,3.48,2017-02-16,3141
North,Peaty,Maize,532.73,39.49,0,0,Rainy,96,3.52,2017-08-14,11367
West,Chalky,Maize,457.96,26.4,1,1,Sunny,109,5.17,2017-03-28,5213
South,Clay,Cotton,544.44,31.8,0,0,Rainy,70,2.99,2019-02-07,8079
East,Chalky,Barley,604.59,36.92,1,0,Sunny,131,5.55,2017-12-26,8403
West,Clay,Wheat,133.19,27.8,1,0,Rainy,147,2.47,2018-08-28,5796
East,Peaty,Soybean,600.28,39.67,0,1,Sunny,125,4.63,2019-08-09,10511
North,Clay,Soybean,408.68,31.61,0,0,Rainy,95,3.05,2018-11-07,7250
North,Loam,Wheat,769.73,24.89,1,0,Cloudy,111,6.12,2019-02-11,10931
West,Silt,Rice,992.56,36.14,0,1,Sunny,83,7.41,2017-03-19,3058
West,Sandy,Cotton,937.32,26.21,1,1,Cloudy,67,7.66,2018-09-23,10034
West,Chalky,Wheat,438.38,28.88,1,1,Sunny,114,5.3,2019-12-09,10819
North,Clay,Barley,613.57,17.8,0,0,Cloudy,90,3.68,2016-08-19,8533
North,Peaty,Barley,783.15,25.01,0,0,Cloudy,68,4.81,2017-08-18,5114
South,Loam,Rice,965.03,29.71,1,0,Cloudy,74,5.73,2019-06-08,12532
West,Silt,Rice,650.21,21.36,1,0,Sunny,82,4.75,2016-06-07,9230
South,Chalky,Barley,266.0,15.38,0,0,Cloudy,106,2.37,2019-09-25,5160
East,Peaty,Maize,825.82,33.66,0,1,Cloudy,116,6.73,2016-03-13,3089
South,Sandy,Maize,858.5,23.36,0,0,Sunny,136,3.95,2017-03-26,8948
East,Loam,Soybean,269.24,26.24,1,0,Rainy,95,3.61,2018-08-13,9446
East,Chalky,Maize,861.79,19.94,1,1,Cloudy,134,7.7,2016-07-01,1837
South,Silt,Maize,590.01,18.32,1,1,Sunny,74,5.47,2019-09-28,10359
West,Silt,Barley,947.87,21.47,1,1,Cloudy,65,8.5,2017-03-21,5295
East,Silt,Soybean,633.48,32.35,1,1,Sunny,109,7.41,2016-11-23,3712
West,Silt,Maize,946.68,35.04,0,1,Sunny,74,7.31,2019-06-03,10863
North,Clay,Wheat,849.2,15.31,0,0,Rainy,96,4.59,2019-08-26,7354
East,Clay,Soybean,731.18,31.73,1,0,Cloudy,94,6.21,2019-12-22,6841
North,Chalky,Soybean,805.31,38.19,1,1,Cloudy,123,6.71,2016-01-17,9691
South,Chalky,Wheat,712.21,25.62,0,0,Cloudy,134,3.37,2016-09-23,8436
West,Silt,Barley,811.66,19.78,1,0,Cloudy,114,5.33,2016-02-22,10364
South,Sandy,Barley,838.87,21.34,1,0,Rainy,109,5.62,2018-07-18,2872
East,Peaty,Rice,158.63,36.61,1,1,Cloudy,99,4.94,2016-05-18,3984
North,Clay,Barley,135.02,24.29,0,0,Sunny,109,1.88,2016-02-06,11606
East,Sandy,Maize,321.32,33.79,0,0,Sunny,126,2.18,2016-10-14,11688
South,Chalky,Cotton,839.91,29.18,0,0,Cloudy,66,4.57,2018-09-12,4883
West,Peaty,Maize,563.81,33.53,1,0,Sunny,65,4.08,2016-04-04,8514
West,Loam,Soybean,444.41,26.67,1,1,Sunny,131,5.93,2019-05-26,9104
East,Silt,Barley,391.61,19.05,1,1,Rainy,88,5.75,2016-03-14,8033
East,Silt,Cotton,453.57,33.67,1,1,Cloudy,125,5.88,2019-06-26,4454
North,Chalky,Wheat,994.18,39.91,0,0,Sunny,96,6.26,2019-07-06,8031
South,Loam,Cotton,142.18,15.68,0,0,Cloudy,136,0.96,2019-04-16,11239
East,Loam,Cotton,327.92,23.47,0,0,Sunny,138,2.53,2018-12-25,9000
North,Clay,Wheat,529.25,23.78,0,1,Rainy,146,3.83,2018-03-05,10720
East,Peaty,Barley,291.22,38.12,1,1,Cloudy,76,5.45,2018-03-17,9006
West,Silt,Soybean,851.2,29.54,0,0,Sunny,103,4.8,2016-09-21,11373
North,Chalky,Barley,502.79,29.53,1,1,Cloudy,146,5.38,2019-08-10,9081
North,Silt,Barley,351.6,29.36,1,0,Cloudy,71,4.21,2018-06-01,12651
East,Sandy,Rice,863.75,22.08,1,1,Cloudy,63,8.15,2018-05-12,5417
South,Clay,Rice,165.96,18.93,1,1,Sunny,66,3.86,2016-07-25,3986
West,Peaty,Cotton,757.57,31.83,0,1,Rainy,75,5.86,2018-10-25,2782
South,Loam,Cotton,275.03,38.87,1,0,Rainy,103,3.49,2016-03-16,1465
North,Chalky,Cotton,194.21,36.78,0,1,Cloudy,147,2.78,2017-01-27,925
South,Chalky,Wheat,540.56,22.88,1,0,Cloudy,146,4.5,2018-12-24,7509
North,Peaty,Cotton,774.29,17.42,0,0,Sunny,136,4.17,2017-09-23,5827
South,Loam,Wheat,481.48,19.74,1,0,Rainy,103,4.0,2016-04-23,5782
East,Loam,Wheat,885.46,34.18,1,0,Cloudy,131,7.23,2019-05-24,6036
South,Loam,Barley,419.09,25.38,1,0,Rainy,87,4.36,2018-05-13,4114
North,Peaty,Soybean,745.15,28.87,1,1,Sunny,110,7.48,2016-02-22,10438
West,Chalky,Maize,613.99,33.19,0,1,Sunny,107,5.32,2019-11-04,8804
West,Loam,Soybean,425.58,16.67,0,1,Sunny,69,3.59,2019-04-12,9742
West,Sandy,Soybean,867.62,15.95,1,0,Cloudy,119,5.61,2017-07-18,9081
North,Clay,Barley,699.27,29.69,0,1,Cloudy,107,4.97,2016-05-07,4752
South,Silt,Barley,906.34,33.21,1,0,Cloudy,108,6.85,2019-06-24,7123
West,Peaty,Wheat,352.14,36.31,1,0,Sunny,61,4.05,2018-07-17,12393
West,Sandy,Cotton,230.32,38.42,1,1,Rainy,76,4.23,2018-04-22,7779
West,Chalky,Cotton,860.83,29.35,0,0,Rainy,138,5.27,2017-02-27,9200
East,Peaty,Soybean,367.62,19.45,1,1,Rainy,84,5.12,2019-05-24,8461
North,Chalky,Soybean,696.35,19.2,0,1,Sunny,146,4.7,2016-07-26,3802
North,Chalky,Wheat,575.29,23.24,1,0,Cloudy,67,5.06,2018-12-27,5877
North,Chalky,Maize,897.1,27.77,0,0,Sunny,84,5.09,2019-08-20,6634
North,Clay,Soybean,272.05,35.04,1,1,Rainy,118,4.64,2019-09-10,7942
North,Loam,Maize,422.59,27.8,1,0,Rainy,83,4.11,2017-08-08,11251
East,Peaty,Barley,770.16,27.71,0,1,Rainy,99,5.25,2018-12-01,1430
South,Silt,Barley,843.51,34.08,0,0,Sunny,138,4.45,2018-12-09,10833
East,Peaty,Maize,445.01,39.68,0,0,Cloudy,105,2.78,2016-02-05,12002
West,Peaty,Rice,396.61,25.55,0,0,Cloudy,127,2.25,2018-09-23,5580
East,Peaty,Wheat,419.65,19.11,1,1,Sunny,69,5.39,2016-07-22,6088
North,Peaty,Wheat,280.86,25.78,0,0,Sunny,65,2.06,2018-12-17,11638
East,Silt,Barley,201.77,34.91,0,1,Cloudy,99,3.08,2017-12-23,11221
North,Loam,Rice,693.9,28.13,1,1,Cloudy,146,6.86,2018-11-12,8802
East,Sandy,Barley,487.48,29.46,1,0,Sunny,144,3.03,2016-10-12,6105
North,Chalky,Cotton,908.61,34.09,0,0,Sunny,78,4.64,2016-04-04,5543
West,Clay,Wheat,107.56,27.43,0,0,Sunny,138,1.15,2017-02-07,1718
North,Loam,Barley,200.65,25.0,1,0,Sunny,116,3.05,2018-12-20,4999
East,Silt,Maize,610.26,37.31,1,1,Sunny,95,6.74,2018-06-26,10203
West,Loam,Barley,419.32,20.47,1,0,Sunny,97,3.6,2017-12-06,3912
East,Silt,Maize,900.31,33.88,1,1,Sunny,86,8.11,2018-02-23,10759
West,Clay,Soybean,900.73,32.53,0,1,Rainy,111,6.43,2018-06-23,7650
South,Silt,Maize,467.54,19.33,0,1,Sunny,113,3.39,2016-01-04,2858
South,Loam,Soybean,876.75,16.68,1,0,Rainy,147,6.04,2018-09-03,8644
South,Sandy,Maize,716.33,21.97,1,1,Cloudy,100,6.79,2018-05-20,1378
East,Loam,Cotton,472.21,35.49,1,0,Cloudy,86,3.46,2017-04-27,9541
East,Clay,Barley,459.37,18.61,0,0,Cloudy,143,2.55,2017-12-10,8948
West,Chalky,Maize,417.78,36.96,1,0,Rainy,137,4.51,2019-08-08,8293
West,Silt,Cotton,328.66,37.71,1,0,Cloudy,71,3.0,2016-08-28,4848
West,Silt,Rice,613.31,28.61,1,0,Sunny,105,4.67,2018-05-24,4924
West,Peaty,Cotton,600.51,34.06,1,1,Cloudy,61,5.83,2018-09-16,3316
North,Loam,Maize,734.94,17.78,1,0,Sunny,132,4.82,2019-11-20,3393
South,Peaty,Rice,469.22,17.83,1,1,Cloudy,99,4.45,2018-11-15,6394
North,Peaty,Maize,866.19,37.33,1,0,Cloudy,111,5.78,2016-03-19,10756
North,Loam,Cotton,655.15,28.96,0,0,Cloudy,114,4.07,2019-10-01,5664
North,Chalky,Soybean,835.03,32.78,0,0,Rainy,117,5.0,2016-04-10,3513
North,Loam,Rice,524.99,22.26,1,1,Sunny,107,5.16,2019-08-02,4241
South,Peaty,Rice,168.48,17.99,1,0,Rainy,60,2.56,2019-05-28,11735
North,Chalky,Cotton,955.24,28.21,1,0,Sunny,80,6.36,2017-06-01,3493
West,Silt,Wheat,754.79,29.46,0,0,Rainy,98,3.93,2016-01-07,8813
East,Sandy,Rice,331.94,28.89,0,1,Cloudy,71,3.83,2018-11-06,7827
West,Loam,Wheat,957.34,19.52,1,1,Rainy,63,7.98,2018-11-15,6459
East,Loam,Cotton,583.19,25.11,0,1,Rainy,113,4.5,2016-07-16,8717
West,Sandy,Wheat,258.95,31.2,0,0,Sunny,67,1.76,2018-09-03,2842
West,Loam,Soybean,441.49,18.15,1,0,Rainy,76,3.75,2018-11-12,10286
East,Silt,Barley,635.63,28.41,0,0,Cloudy,90,4.64,2016-05-20,11570
South,Sandy,Barley,686.28,31.94,0,1,Cloudy,83,4.73,2019-04-14,9468
North,Peaty,Maize,365.15,32.25,1,1,Cloudy,127,4.14,2016-06-10,2995
West,Sandy,Rice,638.53,38.93,0,1,Cloudy,87,4.61,2019-09-14,10788
South,Peaty,Soybean,166.9,23.07,0,0,Sunny,77,1.32,2018-08-27,2067
North,Silt,Maize,482.85,22.0,0,0,Sunny,93,2.77,2018-07-04,6504
South,Clay,Wheat,531.26,32.62,0,0,Cloudy,134,2.85,2018-12-09,2339
South,Peaty,Cotton,398.8,37.34,0,0,Rainy,131,2.38,2017-12-10,2374
North,Sandy,Rice,550.07,15.54,1,0,Rainy,95,4.27,2019-11-09,11506
West,Loam,Rice,714.32,19.33,0,1,Sunny,87,6.31,2017-11-14,4751
South,Loam,Rice,228.62,36.03,1,1,Sunny,124,4.25,2017-09-19,6992
West,Peaty,Soybean,811.16,19.95,1,1,Cloudy,116,7.14,2016-12-09,928
West,Peaty,Maize,546.44,37.54,1,1,Rainy,74,6.72,2017-10-26,7200
West,Sandy,Maize,629.97,17.91,1,0,Sunny,140,5.34,2016-12-27,10383
North,Silt,Soybean,415.96,23.8,0,1,Sunny,89,4.08,2016-12-25,3210
East,Clay,Soybean,827.98,23.76,1,0,Rainy,105,6.23,2017-02-15,5879
West,Loam,Barley,104.21,15.07,1,1,Cloudy,77,3.7,2019-11-02,10444
East,Chalky,Soybean,106.96,28.58,0,1,Cloudy,79,1.76,2019-06-05,1442
East,Loam,Cotton,928.75,17.54,0,1,Sunny,140,6.56,2019-10-06,4033
South,Silt,Soybean,710.37,20.29,0,1,Sunny,149,5.78,2019-04-01,12480
West,Loam,Wheat,857.82,34.83,0,1,Sunny,132,6.51,2019-12-18,2165
West,Sandy,Rice,869.69,37.8,1,0,Cloudy,65,6.76,2017-06-24,11296
West,Clay,Wheat,137.25,39.11,1,1,Rainy,68,4.78,2017-11-11,10371
East,Chalky,Cotton,909.46,31.41,1,1,Cloudy,108,7.78,2018-09-19,9866
North,Clay,Rice,108.24,39.99,0,0,Rainy,141,1.98,2019-04-11,10449
East,Chalky,Rice,489.68,28.49,0,0,Cloudy,95,2.91,2017-10-10,9813
West,Chalky,Maize,348.34,37.75,0,1,Rainy,107,4.08,2018-06-06,6953
West,Silt,Maize,357.48,18.72,1,0,Cloudy,138,4.33,2019-10-09,4467
West,Silt,Rice,628.87,34.67,1,1,Sunny,75,6.51,2016-06-27,6367
East,Loam,Wheat,382.63,27.86,1,0,Cloudy,90,4.3,2018-12-05,2610
West,Silt,Wheat,236.99,30.06,1,1,Cloudy,145,4.8,2017-11-05,12573
South,Loam,Rice,908.62,29.72,0,1,Cloudy,86,6.01,2016-11-17,1063
West,Chalky,Maize,783.04,36.9,0,1,Rainy,92,6.81,2016-01-24,6780
North,Chalky,Soybean,336.09,24.19,0,0,Cloudy,117,2.35,2016-02-23,11157
South,Clay,Barley,598.34,30.59,1,1,Cloudy,117,6.43,2018-02-25,3546
West,Silt,Cotton,706.84,28.81,0,1,Sunny,74,6.34,2017-01-19,4548
South,Silt,Barley,979.46,16.64,0,0,Cloudy,149,4.99,2016-10-25,6156
West,Silt,Maize,356.91,37.7,0,1,Sunny,93,4.37,2019-12-01,3977
North,Silt,Soybean,893.25,15.32,0,0,Rainy,101,4.19,2016-03-27,3652
West,Silt,Wheat,637.96,36.53,1,1,Cloudy,139,6.98,2016-12-06,3119
South,Sandy,Cotton,250.56,29.91,1,1,Sunny,135,3.8,2018-02-23,8042
North,Loam,Rice,513.43,27.56,1,0,Rainy,98,4.76,2018-08-09,4199
East,Loam,Soybean,287.5,16.31,0,1,Rainy,65,2.85,2017-04-07,9826
North,Chalky,Wheat,114.57,20.79,1,1,Rainy,68,4.11,2019-09-25,12027
North,Clay,Cotton,723.52,15.16,1,0,Rainy,149,6.07,2018-11-28,7507
North,Peaty,Rice,946.38,21.31,1,0,Cloudy,131,5.54,2016-12-05,9935
South,Sandy,Rice,196.61,36.5,0,0,Cloudy,77,1.24,2017-07-08,6804
North,Peaty,Maize,304.92,38.51,1,0,Cloudy,126,3.98,2016-11-05,1639
West,Loam,Rice,649.34,38.69,0,1,Cloudy,73,5.73,2016-02-12,6051
North,Chalky,Maize,646.99,31.22,0,0,Cloudy,61,3.67,2018-02-22,3330
North,Clay,Wheat,358.62,18.79,1,0,Rainy,76,3.5,2017-03-28,11079
West,Sandy,Soybean,940.51,21.93,0,1,Cloudy,80,6.36,2019-10-25,9920
West,Chalky,Wheat,785.46,33.83,0,1,Rainy,109,6.45,2019-03-20,8081
East,Sandy,Barley,904.51,39.24,1,1,Sunny,64,8.21,2018-09-06,10250
North,Loam,Rice,343.0,16.3,0,1,Sunny,95,2.56,2018-06-02,2045
South,Silt,Cotton,146.78,32.94,1,0,Cloudy,146,2.7,2017-06-06,6947
North,Peaty,Wheat,170.19,17.87,0,1,Cloudy,146,2.73,2019-03-19,11555
North,Loam,Rice,667.74,25.86,1,0,Rainy,103,5.1,2019-06-05,3511
West,Silt,Barley,258.35,33.1,0,0,Sunny,123,2.67,2019-03-24,2586
East,Loam,Maize,492.64,35.78,1,1,Sunny,105,5.77,2016-11-27,4762
North,Sandy,Rice,130.5,26.57,0,0,Rainy,109,1.54,2019-10-14,11951
South,Loam,Rice,798.52,31.74,1,0,Rainy,138,6.71,2016-09-02,9740
North,Clay,Soybean,783.93,27.51,0,1,Cloudy,130,5.4,2017-06-24,9105
South,Sandy,Cotton,609.95,17.77,0,0,Sunny,67,3.98,2016-06-16,8244
West,Peaty,Maize,356.86,24.01,1,1,Cloudy,86,4.68,2017-09-08,8713
East,Loam,Barley,466.06,29.56,1,0,Sunny,139,4.48,2019-11-11,10826
North,Silt,Rice,917.52,28.39,0,1,Cloudy,63,6.53,2019-10-08,4896
East,Silt,Rice,503.87,23.43,0,0,Sunny,62,3.2,2017-08-28,12160
North,Peaty,Rice,549.69,18.25,1,1,Sunny,107,6.07,2018-04-06,6700
South,Silt,Soybean,525.59,31.76,0,1,Cloudy,105,4.41,2017-06-14,9758
East,Sandy,Soybean,404.17,32.23,0,1,Sunny,100,3.6,2018-05-21,7708
North,Clay,Soybean,370.35,16.8,1,0,Cloudy,117,3.3,2016-08-21,4436
West,Peaty,Maize,930.87,38.06,1,1,Rainy,61,7.43,2016-06-03,4273
South,Sandy,Soybean,683.69,15.55,0,0,Cloudy,143,4.11,2016-04-16,2791
East,Loam,Soybean,574.33,18.67,1,0,Sunny,140,3.68,2019-11-19,11686
North,Silt,Wheat,778.29,26.3,1,1,Cloudy,131,8.87,2016-06-01,1565
East,Loam,Cotton,259.39,27.62,1,0,Sunny,91,2.86,2018-05-22,10944
North,Sandy,Cotton,504.64,24.55,0,0,Rainy,86,3.51,2016-08-17,9066
South,Sandy,Rice,168.09,16.4,0,1,Sunny,110,2.07,2017-01-03,11550
West,Clay,Cotton,464.16,35.31,0,1,Cloudy,127,4.83,2017-09-16,7016
South,Sandy,Maize,516.97,17.45,0,1,Sunny,120,4.49,2019-07-13,2150
East,Clay,Maize,373.38,28.11,1,1,Cloudy,62,5.12,2017-10-12,2792
East,Chalky,Rice,550.86,22.41,1,0,Sunny,65,4.76,2018-09-21,10325
North,Loam,Cotton,988.24,19.41,0,1,Cloudy,80,6.32,2016-06-14,11781
South,Loam,Maize,638.72,19.38,1,1,Cloudy,87,6.15,2019-08-02,6497
North,Chalky,Soybean,827.36,38.7,1,1,Cloudy,140,7.41,2016-12-06,8891
South,Clay,Cotton,183.03,27.35,1,0,Cloudy,143,2.83,2016-08-20,12138
East,Silt,Wheat,203.18,19.88,1,1,Sunny,93,3.78,2018-11-25,7200
North,Clay,Cotton,152.29,25.85,0,0,Rainy,124,1.35,2017-02-11,6016
North,Silt,Soybean,460.36,23.66,1,1,Rainy,146,6.2,2017-04-17,6990
South,Chalky,Wheat,898.59,33.11,0,0,Sunny,97,4.81,2016-10-20,4769
West,Silt,Cotton,240.78,21.95,0,0,Cloudy,66,0.93,2019-07-22,10791
South,Peaty,Wheat,683.4,36.59,1,1,Cloudy,76,7.83,2017-07-16,4631
West,Peaty,Cotton,395.58,16.05,1,1,Sunny,142,4.84,2019-09-08,10719
South,Chalky,Rice,675.35,30.28,0,0,Sunny,96,3.8,2017-01-18,3484
East,Silt,Barley,375.47,36.68,0,1,Sunny,101,4.08,2019-03-19,3488
North,Sandy,Cotton,267.82,20.1,0,1,Rainy,61,3.41,2018-03-26,3679
South,Loam,Cotton,911.03,37.63,0,1,Cloudy,96,6.99,2019-11-05,6319
East,Loam,Rice,787.1,28.46,1,1,Sunny,85,7.07,2018-12-28,2563
South,Chalky,Rice,256.56,36.83,1,1,Sunny,71,4.71,2018-12-26,4069
North,Peaty,Rice,564.97,31.28,1,1,Cloudy,132,6.92,2019-10-25,10014
South,Silt,Rice,885.41,23.35,0,1,Rainy,85,6.73,2018-10-03,7588
West,Loam,Wheat,610.98,15.45,1,1,Cloudy,101,5.64,2016-02-11,5656
North,Silt,Barley,831.95,30.09,1,0,Rainy,92,5.66,2018-02-13,3021
West,Loam,Cotton,569.89,23.46,0,1,Sunny,125,3.58,2017-09-20,8297
East,Silt,Maize,941.57,33.36,0,1,Sunny,125,6.6,2019-07-12,6291
East,Silt,Maize,655.74,19.42,0,0,Sunny,80,3.73,2016-02-07,4643
South,Chalky,Rice,198.75,24.28,0,1,Cloudy,137,2.96,2019-10-21,6044
West,Clay,Soybean,110.18,28.07,0,1,Rainy,141,2.35,2017-06-24,6379
West,Chalky,Barley,916.41,24.88,1,0,Cloudy,146,6.51,2017-10-13,2614
North,Clay,Wheat,193.79,38.88,0,1,Cloudy,78,3.36,2017-11-24,11514
West,Loam,Cotton,308.7,16.15,0,0,Sunny,78,2.26,2018-04-27,2910
West,Chalky,Maize,429.25,27.27,0,0,Rainy,85,2.98,2018-05-02,11100
North,Sandy,Maize,597.27,33.54,0,0,Rainy,73,3.84,2019-10-16,3760
North,Clay,Soybean,154.29,31.61,0,0,Cloudy,77,0.98,2019-11-05,5725
West,Chalky,Cotton,720.11,36.35,1,1,Sunny,134,7.54,2016-09-24,4415
South,Loam,Soybean,509.38,17.26,1,0,Rainy,131,5.25,2016-09-25,5153
North,Silt,Rice,302.59,27.79,1,1,Sunny,116,4.47,2019-02-17,5446
North,Sandy,Barley,167.87,34.21,0,0,Sunny,66,1.61,2018-05-22,9863
West,Silt,Cotton,696.1,35.87,0,0,Cloudy,92,5.09,2017-06-14,4236
West,Peaty,Barley,710.59,36.08,1,1,Sunny,97,6.26,2019-03-10,11174
North,Clay,Rice,252.02,18.01,0,1,Cloudy,86,2.63,2016-07-06,3240
West,Clay,Soybean,303.69,31.36,0,0,Rainy,74,2.15,2018-05-04,7971
North,Chalky,Soybean,107.16,30.99,0,0,Cloudy,103,1.17,2019-01-17,2441
South,Loam,Maize,162.81,18.1,1,0,Sunny,143,3.06,2019-06-24,10112
South,Sandy,Rice,196.95,24.45,0,0,Cloudy,110,1.66,2018-07-20,3655
North,Chalky,Cotton,632.43,18.52,1,0,Sunny,146,5.16,2019-08-09,11279
North,Loam,Barley,553.4,23.79,0,0,Sunny,79,3.16,2018-08-10,7588
East,Silt,Rice,681.76,15.21,1,1,Cloudy,82,6.39,2017-11-11,11001
East,Chalky,Barley,162.31,37.81,0,1,Sunny,124,2.93,2018-10-07,1441
West,Clay,Rice,623.47,36.74,1,1,Sunny,134,6.52,2018-09-04,11221
West,Sandy,Barley,317.21,24.75,1,1,Sunny,75,3.72,2018-09-14,12628
North,Chalky,Barley,796.08,25.1,1,1,Rainy,85,7.68,2019-09-02,5988
North,Clay,Rice,952.49,23.09,1,0,Rainy,122,6.52,2019-01-18,4410
East,Loam,Rice,521.19,32.95,0,1,Rainy,135,4.24,2018-10-14,3566
East,Peaty,Rice,877.4,28.04,0,0,Cloudy,99,4.61,2019-08-06,8501
North,Silt,Soybean,199.38,24.41,0,0,Rainy,77,2.09,2016-11-03,1913
South,Peaty,Soybean,276.83,17.91,1,1,Sunny,141,3.91,2016-04-23,10441
South,Silt,Barley,937.29,30.52,0,1,Sunny,134,6.21,2019-03-07,2086
West,Sandy,Wheat,516.67,22.22,0,1,Cloudy,113,3.94,2019-11-15,10701
North,Sandy,Rice,981.19,18.42,0,1,Rainy,92,6.34,2018-02-14,10642
North,Sandy,Cotton,486.12,15.51,1,1,Cloudy,91,6.21,2017-07-19,7671
West,Sandy,Wheat,458.96,33.85,0,1,Cloudy,143,4.01,2019-05-13,3476
East,Sandy,Barley,330.79,38.51,0,1,Sunny,135,3.29,2016-04-20,12549
East,Clay,Soybean,451.12,30.5,0,1,Sunny,102,4.59,2018-01-22,10058
South,Chalky,Cotton,496.95,25.57,0,1,Rainy,76,4.27,2019-09-16,7205
North,Silt,Rice,629.77,32.99,1,1,Sunny,146,6.79,2016-12-26,1909
East,Clay,Soybean,689.52,30.8,1,0,Sunny,118,5.62,2016-11-03,7095
South,Chalky,Cotton,368.32,37.77,0,0,Rainy,62,3.28,2017-07-10,8517
South,Clay,Wheat,648.7,29.55,1,0,Cloudy,61,6.13,2018-11-27,6671
South,Chalky,Wheat,159.57,24.97,1,0,Sunny,133,2.97,2018-01-03,2016
East,Clay,Barley,421.39,26.9,0,0,Sunny,81,2.79,2017-06-11,2637
East,Silt,Soybean,393.28,36.3,1,0,Rainy,116,4.04,2017-05-13,1693
North,Clay,Cotton,383.3,29.38,0,0,Cloudy,71,1.54,2018-07-20,7299
North,Clay,Soybean,226.88,34.67,1,0,Cloudy,72,3.85,2018-02-05,4985
South,Chalky,Barley,364.49,31.76,0,1,Rainy,131,3.87,2019-02-28,2963
South,Clay,Cotton,458.6,33.48,0,1,Rainy,61,4.46,2019-06-21,8296
East,Silt,Barley,551.57,22.66,1,0,Cloudy,113,5.28,2017-12-26,7187
East,Chalky,Soybean,185.53,32.14,0,1,Sunny,140,3.08,2019-12-09,11847
North,Peaty,Soybean,849.5,32.08,1,1,Rainy,124,7.58,2016-06-25,7381
North,Silt,Soybean,671.8,34.64,0,0,Rainy,126,3.74,2019-11-20,11259
West,Chalky,Maize,503.22,37.97,0,0,Sunny,67,2.82,2019-01-02,4132
North,Loam,Soybean,882.21,29.65,0,1,Sunny,117,5.71,2016-12-05,9289
East,Sandy,Rice,376.77,15.71,1,1,Sunny,77,5.15,2017-11-06,10904
South,Peaty,Maize,437.6,33.73,1,1,Sunny,109,5.65,2016-12-26,8836
West,Clay,Rice,235.62,25.04,1,1,Rainy,136,4.73,2019-10-17,1889
North,Peaty,Cotton,778.31,20.64,1,1,Cloudy,86,7.12,2017-01-23,3763
North,Silt,Barley,895.16,22.27,0,0,Cloudy,103,5.49,2019-08-15,8750
East,Silt,Wheat,316.3,30.22,1,0,Cloudy,88,3.32,2016-08-09,5474
West,Chalky,Soybean,943.39,35.57,0,0,Rainy,140,5.84,2016-08-05,2364
North,Chalky,Rice,403.54,27.28,0,0,Rainy,131,2.17,2019-02-13,4142
South,Loam,Soybean,244.27,38.72,0,1,Rainy,123,3.91,2018-01-02,5054
East,Silt,Maize,757.59,34.11,1,1,Cloudy,147,7.14,2018-01-05,8196
West,Chalky,Rice,926.68,29.09,0,0,Cloudy,130,4.82,2016-01-17,4092
North,Loam,Cotton,277.17,15.03,0,1,Rainy,69,3.55,2016-06-28,7333
North,Silt,Cotton,255.81,35.08,1,0,Rainy,139,3.81,2018-05-17,3841
West,Clay,Cotton,483.12,21.89,1,1,Sunny,114,6.02,2018-09-28,7530
East,Sandy,Cotton,970.61,26.82,0,1,Rainy,123,6.24,2019-07-21,12021
West,Sandy,Wheat,643.74,27.66,1,1,Rainy,99,6.55,2019-12-13,1547
West,Peaty,Wheat,225.36,19.56,1,1,Sunny,88,4.02,2018-05-09,11878
East,Silt,Barley,748.78,15.29,0,1,Rainy,115,4.84,2019-09-09,2053
North,Peaty,Wheat,823.58,30.58,0,1,Cloudy,136,5.66,2019-10-03,10665
South,Sandy,Cotton,382.35,31.15,0,1,Sunny,72,3.55,2017-08-06,8432
East,Chalky,Cotton,855.52,30.43,1,0,Sunny,86,7.04,2019-04-02,10158
South,Silt,Wheat,573.69,19.72,0,1,Rainy,141,5.33,2016-05-21,7688
North,Silt,Barley,169.26,36.43,0,0,Cloudy,100,1.38,2019-04-22,8120
West,Clay,Soybean,434.65,35.19,0,0,Rainy,134,3.06,2019-12-10,6125
South,Clay,Soybean,313.8,34.34,1,0,Sunny,101,4.49,2018-08-09,8318
North,Silt,Wheat,395.5,35.84,0,1,Sunny,143,3.99,2016-04-20,5070
North,Peaty,Cotton,205.75,29.77,1,1,Cloudy,66,4.32,2019-02-03,12452
West,Loam,Wheat,339.82,35.78,1,1,Rainy,75,4.8,2019-06-07,5706
West,Loam,Barley,131.63,17.8,0,0,Rainy,104,0.21,2017-10-09,7653
North,Peaty,Maize,873.6,28.82,0,1,Sunny,93,6.77,2019-06-03,1605
North,Peaty,Wheat,657.47,15.82,1,1,Sunny,101,7.06,2019-12-22,6494
South,Peaty,Barley,729.38,19.65,0,1,Cloudy,79,5.08,2017-08-25,10327
North,Loam,Cotton,505.9,33.19,1,0,Sunny,68,3.96,2018-08-10,1523
North,Clay,Wheat,337.81,37.11,1,1,Sunny,90,5.1,2019-03-04,6340
South,Sandy,Rice,173.78,31.53,0,0,Rainy,86,1.21,2017-06-01,7872
East,Sandy,Maize,711.1,37.61,1,0,Rainy,106,4.76,2016-12-02,1518
South,Peaty,Soybean,161.11,38.38,0,0,Rainy,143,1.31,2018-03-15,6285
South,Silt,Soybean,275.2,15.66,1,0,Cloudy,82,3.23,2016-04-01,9483
West,Clay,Wheat,115.99,32.82,1,1,Rainy,140,4.16,2016-11-10,5849
South,Peaty,Wheat,121.17,30.22,0,1,Cloudy,104,2.36,2017-04-15,10933
North,Silt,Maize,850.78,21.33,1,0,Sunny,71,5.42,2019-07-12,8965
North,Clay,Wheat,247.99,35.39,0,1,Rainy,137,3.23,2017-11-17,2176
North,Clay,Rice,692.68,30.43,1,0,Sunny,123,5.57,2017-02-08,2292
East,Chalky,Maize,348.73,22.56,1,0,Rainy,112,3.49,2017-04-24,5573
North,Sandy,Soybean,735.93,31.87,0,0,Sunny,141,3.65,2017-02-08,7197
East,Sandy,Barley,526.43,33.83,0,1,Cloudy,102,3.7,2018-03-10,12184
North,Loam,Cotton,747.68,33.39,1,1,Cloudy,100,7.33,2019-04-20,8943
South,Clay,Wheat,420.38,35.33,1,1,Cloudy,146,5.99,2016-07-23,12389
West,Silt,Barley,120.92,15.58,1,0,Cloudy,106,2.9,2016-08-06,2613
North,Peaty,Barley,168.12,19.22,0,1,Rainy,75,2.7,2019-02-17,7027
East,Clay,Rice,820.91,30.76,1,0,Cloudy,112,6.13,2016-04-17,10030
East,Sandy,Barley,901.84,26.04,0,0,Cloudy,78,5.06,2019-07-11,12190
West,Clay,Cotton,848.89,39.67,1,0,Sunny,131,6.0,2016-04-16,5498
North,Peaty,Cotton,148.17,23.14,0,1,Cloudy,112,2.25,2017-12-16,4242
South,Clay,Rice,666.19,27.93,1,0,Sunny,102,5.51,2016-08-06,10593
North,Sandy,Maize,689.09,30.75,1,1,Rainy,65,6.73,2019-08-22,8258
North,Loam,Wheat,629.09,36.35,0,1,Sunny,126,4.95,2019-04-07,1691
West,Peaty,Rice,146.05,23.94,1,1,Sunny,111,5.0,2019-08-21,9146
North,Sandy,Wheat,965.93,26.11,0,1,Cloudy,116,7.06,2019-05-04,8122
South,Clay,Barley,178.17,23.67,0,0,Cloudy,111,0.96,2019-11-12,4061
East,Clay,Cotton,665.71,34.25,0,1,Cloudy,88,6.51,2018-04-17,6440
West,Clay,Maize,741.04,31.01,0,0,Sunny,131,5.75,2018-12-02,2294
South,Chalky,Rice,300.8,29.14,1,1,Rainy,60,4.29,2016-12-09,9908
East,Loam,Cotton,440.67,35.72,0,1,Rainy,98,3.76,2019-09-08,1082
West,Peaty,Cotton,142.16,21.2,1,0,Cloudy,132,2.79,2016-04-04,1250
West,Clay,Barley,233.29,32.42,0,0,Rainy,149,1.46,2019-07-12,4560
East,Sandy,Cotton,827.88,17.79,0,1,Cloudy,139,5.37,2019-05-23,5886
East,Chalky,Soybean,703.84,27.97,1,1,Cloudy,97,8.2,2018-01-08,9102
South,Clay,Maize,932.54,17.56,0,1,Sunny,101,6.24,2018-11-23,1040
North,Loam,Rice,801.64,18.99,0,1,Sunny,147,6.3,2017-09-06,1092
North,Loam,Rice,129.19,27.13,0,0,Sunny,123,1.07,2018-05-20,5675
North,Loam,Wheat,905.2,32.82,1,0,Rainy,105,7.07,2017-10-10,9842
North,Peaty,Barley,234.66,29.74,0,1,Rainy,139,2.67,2017-05-13,11665
North,Loam,Wheat,743.51,28.81,0,0,Sunny,105,4.05,2017-06-02,4453
South,Clay,Rice,366.96,36.7,0,1,Rainy,73,3.2,2017-12-01,8403
West,Chalky,Rice,309.45,26.12,1,1,Sunny,110,5.71,2017-03-07,900
South,Sandy,Wheat,599.91,20.16,0,1,Cloudy,98,4.53,2016-12-03,8811
South,Chalky,Cotton,999.19,19.24,0,0,Rainy,78,5.08,2018-04-13,2226
South,Peaty,Cotton,357.53,30.91,1,1,Sunny,131,5.42,2017-12-15,1243
West,Loam,Cotton,259.3,23.31,0,0,Sunny,118,0.85,2019-08-05,8511
South,Sandy,Barley,592.21,35.41,1,0,Cloudy,72,4.74,2018-02-14,8393
South,Loam,Cotton,528.58,37.65,0,0,Rainy,78,4.0,2018-10-22,6029
West,Silt,Rice,316.25,37.19,1,0,Rainy,90,4.31,2017-01-24,8560
South,Sandy,Cotton,834.49,24.4,0,1,Cloudy,96,5.14,2016-04-26,2139
North,Loam,Maize,592.08,26.19,1,1,Rainy,142,6.03,2017-10-04,6920
East,Chalky,Barley,630.51,25.52,1,1,Sunny,144,5.92,2016-01-19,11023
South,Clay,Maize,572.69,36.77,1,1,Cloudy,136,6.4,2019-06-20,3243
East,Clay,Rice,844.83,36.34,0,0,Sunny,109,5.26,2018-12-27,10849
South,Loam,Wheat,888.8,25.23,1,0,Rainy,61,7.39,2019-02-24,10347
South,Sandy,Soybean,525.79,33.63,1,1,Rainy,93,6.11,2016-08-23,7330
North,Sandy,Cotton,549.01,27.72,1,1,Sunny,96,4.77,2016-07-15,1510
West,Clay,Maize,739.46,16.53,1,0,Cloudy,124,6.0,2019-01-25,11722
East,Sandy,Cotton,648.72,28.5,0,0,Rainy,135,3.98,2016-10-19,12354
West,Peaty,Maize,508.97,35.37,1,1,Rainy,77,6.53,2019-04-18,10120
North,Chalky,Soybean,150.01,34.76,1,0,Cloudy,123,2.95,2018-08-07,2635
North,Loam,Maize,109.9,20.44,0,0,Rainy,119,1.36,2019-09-08,8588
East,Silt,Barley,773.31,25.75,1,1,Cloudy,108,8.01,2018-02-07,1683
West,Loam,Maize,142.43,27.44,1,1,Sunny,82,4.61,2019-12-11,10142
North,Peaty,Cotton,204.37,17.66,0,0,Rainy,114,1.8,2016-08-14,6997
South,Sandy,Wheat,549.22,17.91,0,0,Cloudy,75,3.19,2019-11-11,7759
South,Clay,Wheat,877.47,39.69,1,0,Rainy,137,5.94,2016-07-21,9119
South,Peaty,Barley,903.68,36.23,0,0,Rainy,106,5.32,2019-04-18,2206
West,Silt,Barley,433.18,34.75,0,1,Cloudy,127,3.51,2019-09-03,6748
South,Chalky,Barley,193.54,15.48,1,0,Rainy,98,2.37,2017-01-16,3854
South,Silt,Barley,937.48,39.94,0,0,Cloudy,145,6.17,2016-12-02,7251
North,Loam,Soybean,838.12,22.7,1,1,Cloudy,121,7.75,2017-01-12,6673
North,Silt,Wheat,343.8,37.73,0,0,Cloudy,137,1.5,2016-06-21,11523
South,Sandy,Cotton,199.97,25.73,0,1,Sunny,60,3.05,2017-02-10,11053
South,Sandy,Rice,859.05,29.9,1,0,Rainy,104,6.4,2018-05-28,8154
North,Clay,Cotton,993.27,22.26,0,0,Rainy,91,5.26,2019-09-15,11881
East,Clay,Barley,741.83,26.42,0,0,Cloudy,84,4.22,2016-04-22,5903
West,Sandy,Maize,655.72,23.61,0,1,Sunny,135,4.15,2016-10-17,12644
West,Sandy,Maize,159.26,23.73,1,0,Sunny,148,1.95,2019-06-23,11552
North,Silt,Wheat,888.67,24.41,1,1,Sunny,66,7.83,2016-04-17,12374
West,Clay,Wheat,878.96,30.77,0,1,Sunny,148,6.97,2016-05-09,6434
North,Silt,Barley,986.54,24.68,1,0,Sunny,77,6.85,2017-04-12,7505
North,Peaty,Maize,300.04,39.77,0,0,Rainy,108,3.12,2016-12-25,11348
North,Sandy,Soybean,273.58,32.09,0,1,Cloudy,60,3.33,2018-05-13,9426
North,Sandy,Barley,519.31,23.71,1,0,Cloudy,106,4.82,2018-10-22,1099
East,Clay,Barley,505.12,25.14,1,0,Cloudy,130,4.3,2019-07-25,4364
South,Sandy,Cotton,603.78,17.89,0,0,Rainy,69,3.44,2016-05-12,6573
South,Silt,Rice,193.89,37.16,1,0,Rainy,73,2.55,2019-04-27,10445
East,Clay,Rice,764.73,26.93,0,1,Rainy,89,4.89,2018-05-23,3347
West,Peaty,Rice,740.68,31.22,0,0,Cloudy,73,4.15,2016-01-12,7256
West,Sandy,Rice,829.15,33.31,1,0,Cloudy,114,5.9,2016-12-09,7646
South,Loam,Cotton,722.3,35.97,1,0,Cloudy,92,5.71,2019-02-03,7846
West,Clay,Wheat,639.94,36.91,1,0,Cloudy,138,5.85,2018-09-10,1825
South,Loam,Rice,114.19,36.06,0,1,Sunny,72,2.69,2016-11-22,7865
South,Silt,Cotton,800.3,24.92,0,0,Sunny,144,4.17,2019-12-13,4909
East,Clay,Wheat,591.96,35.44,1,1,Rainy,96,6.82,2018-10-21,9465
West,Loam,Soybean,863.48,29.18,0,1,Rainy,105,5.03,2019-03-01,1885
East,Chalky,Cotton,383.56,38.74,1,1,Sunny,79,5.68,2017-03-19,1399
South,Loam,Barley,539.25,21.6,0,0,Sunny,102,3.05,2016-11-25,10881
South,Chalky,Cotton,245.31,31.72,1,1,Rainy,70,3.74,2017-05-21,3246
South,Clay,Soybean,408.56,24.04,1,0,Cloudy,132,4.04,2018-01-22,5980
North,Chalky,Soybean,822.23,36.37,1,0,Rainy,126,7.09,2017-09-16,11206
North,Chalky,Soybean,297.9,36.51,1,1,Rainy,143,5.43,2017-07-20,4840
North,Silt,Soybean,739.51,16.23,0,1,Sunny,110,6.38,2018-10-26,4373
East,Loam,Barley,185.59,33.1,1,0,Sunny,122,2.75,2019-03-20,11602
South,Peaty,Cotton,908.9,29.74,1,1,Sunny,144,7.13,2017-11-27,6555
West,Peaty,Cotton,648.95,35.19,0,1,Rainy,79,5.64,2019-06-09,6675
East,Peaty,Cotton,254.45,15.37,0,1,Cloudy,83,3.22,2017-08-28,4013
East,Chalky,Wheat,239.25,17.18,0,1,Cloudy,99,2.87,2019-08-12,959
East,Clay,Cotton,691.51,21.36,1,1,Sunny,124,6.58,2018-02-18,10778
West,Chalky,Barley,575.55,17.44,0,0,Rainy,74,2.8,2017-02-07,7851
South,Silt,Wheat,215.39,27.98,0,1,Sunny,104,2.3,2018-09-20,12577
North,Clay,Wheat,881.59,16.05,1,1,Sunny,103,7.08,2017-09-23,9512
South,Clay,Rice,666.4,34.14,0,0,Cloudy,103,4.15,2018-05-22,3440
South,Clay,Rice,179.49,33.13,1,0,Cloudy,70,3.53,2018-12-23,5323
East,Peaty,Rice,714.9,20.68,1,0,Cloudy,66,5.0,2017-04-15,7783
East,Peaty,Barley,976.58,38.77,1,0,Rainy,149,7.51,2017-09-09,10500
East,Sandy,Barley,700.56,16.61,0,1,Sunny,95,4.86,2017-04-20,8452
North,Chalky,Rice,415.6,18.77,1,0,Cloudy,146,3.22,2016-02-10,6319
North,Loam,Maize,658.18,38.02,0,0,Cloudy,149,4.48,2019-04-08,2284
North,Clay,Rice,382.47,36.72,1,1,Rainy,139,6.34,2016-07-04,5711
South,Loam,Maize,331.6,39.39,0,1,Rainy,131,3.65,2016-08-23,8091
East,Chalky,Wheat,759.39,19.23,1,0,Cloudy,83,6.34,2018-03-18,6013
West,Sandy,Maize,194.15,39.18,0,1,Cloudy,109,2.48,2017-03-26,9139
South,Silt,Wheat,796.54,26.16,1,1,Sunny,63,6.69,2019-05-08,9116
North,Clay,Barley,293.02,20.17,0,0,Cloudy,105,1.7,2018-11-21,8738
West,Clay,Rice,544.03,38.58,0,1,Cloudy,71,4.71,2016-06-03,10365
West,Silt,Wheat,577.07,30.26,0,1,Rainy,135,5.18,2017-03-15,6511
East,Sandy,Barley,369.45,26.38,0,0,Sunny,136,2.8,2018-07-08,9670
West,Peaty,Barley,975.95,23.63,1,0,Cloudy,138,5.92,2017-10-08,5144
North,Clay,Soybean,877.3,24.29,0,0,Cloudy,92,5.18,2018-03-08,7559
East,Peaty,Rice,751.41,32.36,0,1,Rainy,80,5.23,2017-01-08,6160
West,Peaty,Barley,845.66,25.21,1,0,Cloudy,78,5.45,2016-06-10,1674
East,Sandy,Wheat,943.48,20.65,1,1,Sunny,93,7.19,2019-05-09,7894
West,Chalky,Wheat,380.89,19.23,0,1,Cloudy,119,3.87,2016-11-27,3151
South,Clay,Wheat,179.28,19.55,0,1,Sunny,115,2.92,2019-04-22,8568
South,Sandy,Barley,959.57,22.31,0,0,Sunny,139,4.59,2017-06-16,8835
North,Silt,Cotton,279.37,32.94,0,1,Cloudy,113,2.92,2018-03-04,10688
South,Peaty,Wheat,874.57,16.96,1,1,Sunny,123,6.74,2016-08-20,12180
South,Peaty,Rice,864.04,16.13,1,1,Cloudy,71,8.14,2019-04-08,8336
South,Clay,Rice,213.97,24.15,1,0,Cloudy,107,2.94,2016-06-14,4236
West,Peaty,Rice,858.93,30.22,1,0,Sunny,79,6.87,2019-07-07,9394
West,Silt,Cotton,453.62,40.0,0,0,Sunny,97,2.86,2016-08-16,5525
East,Peaty,Soybean,825.63,29.74,0,1,Cloudy,70,6.9,2019-09-05,9555
West,Loam,Cotton,315.89,29.16,1,0,Sunny,108,3.06,2019-03-21,12638
South,Chalky,Cotton,875.49,15.27,0,1,Sunny,138,5.5,2017-06-25,11658
West,Peaty,Maize,289.7,24.43,1,1,Sunny,79,4.6,2019-10-26,2755
North,Clay,Soybean,124.6,24.38,0,0,Rainy,125,1.13,2017-05-13,12273
East,Silt,Soybean,925.72,17.09,0,0,Sunny,64,4.57,2019-10-09,2600
East,Peaty,Rice,774.4,26.96,1,0,Cloudy,95,5.08,2018-09-25,8282
West,Chalky,Soybean,186.26,32.39,1,1,Sunny,115,2.79,2018-04-14,3972
South,Silt,Wheat,684.3,37.97,1,1,Cloudy,134,6.86,2018-12-24,10205
East,Loam,Cotton,562.33,18.32,1,1,Sunny,118,5.37,2019-06-09,7994
North,Clay,Maize,233.84,25.55,1,1,Rainy,102,4.92,2017-05-03,9194
North,Loam,Cotton,535.99,20.91,0,0,Rainy,75,3.08,2017-11-02,4455
East,Sandy,Cotton,587.87,15.07,1,1,Sunny,141,5.87,2019-01-19,4635
South,Chalky,Cotton,424.88,21.98,0,0,Rainy,69,2.77,2018-04-17,5925
South,Clay,Barley,989.34,28.02,0,0,Sunny,61,5.75,2018-02-05,6410
West,Loam,Wheat,265.2,23.5,0,1,Rainy,145,2.17,2017-09-06,2371
West,Silt,Maize,351.0,19.82,1,1,Rainy,143,5.5,2018-11-21,6775
East,Silt,Maize,235.95,36.41,1,1,Rainy,101,4.82,2016-07-26,7964
West,Chalky,Maize,643.03,19.95,1,0,Cloudy,95,5.3,2017-12-23,5685
West,Sandy,Cotton,383.22,25.66,0,0,Rainy,144,2.06,2018-07-25,1378
West,Sandy,Soybean,308.33,18.59,0,0,Rainy,82,1.47,2017-06-02,11930
North,Clay,Rice,851.29,31.19,1,1,Sunny,93,7.66,2016-04-01,10993
West,Chalky,Soybean,641.61,33.97,1,1,Sunny,99,6.3,2017-10-16,5417
East,Silt,Rice,941.6,33.73,1,0,Cloudy,103,6.54,2017-06-14,7394
South,Sandy,Soybean,178.95,23.33,1,0,Sunny,127,3.67,2017-07-12,1625
West,Sandy,Cotton,610.43,18.62,1,1,Rainy,72,6.4,2017-01-23,8662
South,Silt,Soybean,283.08,27.97,0,1,Sunny,71,3.65,2016-07-06,9568
West,Silt,Rice,278.72,15.94,1,1,Cloudy,75,4.81,2019-04-06,2891
East,Peaty,Wheat,643.87,34.69,1,1,Rainy,139,6.4,2017-01-22,4433
North,Chalky,Rice,167.35,24.83,0,0,Cloudy,66,1.21,2017-07-14,9337
East,Sandy,Wheat,615.13,25.45,1,1,Cloudy,131,5.96,2018-08-01,10131
North,Sandy,Maize,612.94,20.55,1,1,Rainy,114,5.95,2017-09-24,8507
West,Chalky,Rice,674.93,24.38,0,0,Cloudy,112,4.32,2018-06-10,5526
West,Peaty,Maize,491.94,16.6,0,0,Sunny,98,2.26,2019-04-23,2267
North,Peaty,Wheat,116.39,28.52,1,1,Rainy,140,3.72,2016-05-05,5332
East,Clay,Soybean,428.13,37.82,0,0,Sunny,89,2.39,2016-06-01,2290
East,Loam,Soybean,811.84,36.15,1,0,Rainy,61,6.38,2019-07-08,12300
North,Peaty,Wheat,854.85,35.39,1,1,Sunny,66,8.13,2016-09-20,10077
West,Loam,Barley,370.25,18.31,0,0,Sunny,147,1.9,2019-03-18,7574
North,Sandy,Soybean,230.85,21.46,0,1,Cloudy,70,3.07,2019-05-01,10962
West,Sandy,Rice,849.54,27.51,1,0,Cloudy,112,6.89,2019-07-28,11897
North,Clay,Wheat,456.91,25.84,1,1,Cloudy,87,5.96,2016-01-02,8167
West,Chalky,Soybean,528.0,28.01,1,0,Sunny,111,5.05,2018-11-28,11606
North,Sandy,Rice,293.02,17.07,0,1,Cloudy,142,3.33,2019-04-08,8179
South,Chalky,Barley,499.92,30.42,1,0,Rainy,124,4.62,2017-01-11,11239
West,Peaty,Cotton,644.5,24.45,1,1,Sunny,89,6.24,2016-02-08,6778
East,Chalky,Rice,215.3,34.27,1,1,Cloudy,103,4.04,2019-03-12,10505
North,Chalky,Soybean,675.44,16.5,1,1,Sunny,83,6.58,2019-08-01,8557
East,Sandy,Soybean,562.53,39.96,1,0,Sunny,144,5.5,2017-08-03,3947
North,Loam,Wheat,112.4,34.15,0,1,Cloudy,85,2.55,2018-05-01,2703
East,Clay,Soybean,257.18,33.59,1,0,Cloudy,63,3.34,2018-02-10,9790
East,Silt,Wheat,590.09,19.38,1,1,Cloudy,102,6.17,2018-01-20,2885
North,Silt,Cotton,689.49,24.7,1,0,Sunny,105,5.74,2019-10-15,3907
North,Chalky,Soybean,664.79,29.15,1,0,Sunny,74,5.85,2019-12-15,8312
East,Loam,Barley,279.46,36.1,0,1,Cloudy,142,2.45,2019-09-17,4536
East,Clay,Maize,870.93,26.47,0,0,Rainy,143,4.43,2016-02-11,12483
East,Clay,Maize,801.93,24.73,0,1,Rainy,113,5.8,2017-10-27,6900
West,Sandy,Soybean,589.73,29.26,1,0,Rainy,107,4.81,2019-09-18,884
West,Sandy,Cotton,555.05,36.08,0,1,Rainy,101,4.31,2017-02-06,6254
South,Peaty,Cotton,742.6,38.45,0,0,Sunny,77,4.82,2017-08-23,3985
West,Sandy,Soybean,363.73,27.01,0,1,Sunny,73,3.2,2018-06-15,7717
West,Chalky,Soybean,471.04,18.22,1,1,Sunny,69,5.21,2016-08-08,6987
North,Clay,Cotton,612.5,33.66,0,1,Rainy,61,4.9,2019-01-14,1143
South,Peaty,Barley,947.49,35.27,0,1,Rainy,118,6.3,2018-06-21,11228
South,Loam,Maize,185.94,35.27,0,1,Sunny,64,3.84,2018-12-18,5681
West,Loam,Rice,505.93,18.93,0,0,Rainy,108,2.69,2019-02-03,6992
North,Peaty,Barley,209.49,16.73,1,0,Rainy,143,3.64,2017-04-01,10264
North,Clay,Cotton,887.31,38.75,1,0,Sunny,147,5.47,2018-08-23,8732
South,Clay,Wheat,447.05,26.21,0,0,Rainy,109,3.21,2017-11-04,3801
North,Sandy,Rice,895.5,38.69,0,1,Rainy,144,6.51,2016-03-01,8719
East,Chalky,Cotton,623.52,21.9,0,0,Sunny,66,2.91,2017-09-07,11093
West,Silt,Soybean,796.65,15.5,1,0,Rainy,131,5.87,2016-09-05,5933
East,Clay,Wheat,619.45,36.32,1,1,Rainy,128,5.87,2017-04-04,11436
South,Sandy,Maize,831.35,16.14,1,1,Rainy,107,6.86,2018-01-22,1486
South,Clay,Wheat,929.67,28.87,1,1,Sunny,115,7.53,2018-11-01,5062
North,Sandy,Wheat,608.84,25.75,0,0,Cloudy,95,4.14,2016-03-13,8395
North,Clay,Wheat,298.15,35.24,0,0,Cloudy,105,2.2,2019-11-08,6663
South,Silt,Rice,778.45,19.45,1,0,Rainy,126,5.71,2016-01-21,6414
South,Silt,Wheat,821.58,24.94,0,0,Sunny,61,5.01,2016-09-11,7714
East,Chalky,Soybean,440.08,22.69,0,1,Sunny,124,4.1,2017-04-14,7560
East,Clay,Cotton,106.68,18.68,0,0,Sunny,64,0.41,2017-08-10,10245
North,Clay,Cotton,110.33,36.7,0,0,Sunny,120,1.15,2016-05-22,4778
East,Loam,Rice,420.0,27.39,1,0,Cloudy,105,3.82,2018-02-17,2045
North,Clay,Maize,593.38,19.72,0,0,Cloudy,88,2.34,2017-09-08,8154
North,Sandy,Cotton,290.69,23.86,1,1,Cloudy,101,4.91,2019-03-09,8844
West,Peaty,Cotton,375.86,15.83,0,1,Cloudy,107,3.4,2017-03-02,11482
North,Silt,Rice,843.34,29.45,1,0,Sunny,83,5.94,2017-05-21,8287
East,Chalky,Cotton,274.17,20.05,0,0,Rainy,148,1.1,2019-12-21,3704
South,Chalky,Wheat,496.72,25.91,0,1,Sunny,123,4.38,2016-08-25,11648
South,Loam,Cotton,917.66,15.52,1,0,Rainy,114,6.85,2019-10-08,5257
East,Sandy,Wheat,983.48,28.71,0,0,Cloudy,104,5.08,2016-07-09,9556
South,Silt,Rice,732.45,19.21,0,0,Cloudy,129,3.71,2016-11-21,6496
North,Peaty,Wheat,680.32,20.02,0,0,Sunny,77,3.4,2016-09-16,1897
South,Loam,Barley,840.31,24.09,1,0,Rainy,65,5.95,2019-03-25,5571
East,Chalky,Cotton,585.55,22.72,1,1,Sunny,82,5.56,2016-10-18,5658
South,Peaty,Barley,792.54,38.72,0,0,Rainy,111,5.55,2018-05-25,7365
North,Peaty,Cotton,222.08,15.51,0,0,Rainy,114,1.42,2019-10-04,7640
North,Loam,Soybean,995.82,15.54,1,0,Cloudy,145,6.82,2018-04-13,11184
East,Sandy,Maize,317.68,23.84,1,1,Rainy,85,4.37,2016-10-26,3600
East,Clay,Maize,782.91,34.97,1,1,Cloudy,123,7.83,2017-06-26,9669
East,Peaty,Barley,559.89,36.92,0,1,Cloudy,78,5.27,2016-11-03,7546
West,Sandy,Rice,299.11,15.51,0,0,Rainy,121,1.84,2018-09-13,8055
West,Chalky,Cotton,623.06,24.02,0,0,Sunny,132,3.32,2018-11-06,10918
North,Loam,Rice,777.18,29.21,1,0,Cloudy,129,6.49,2019-04-13,5569
West,Chalky,Cotton,108.08,23.2,1,0,Rainy,76,2.94,2017-02-05,6033
West,Loam,Wheat,634.54,15.84,1,0,Rainy,139,4.58,2019-04-04,2157
South,Clay,Wheat,587.85,38.95,1,1,Cloudy,99,5.67,2018-12-14,6389
West,Chalky,Barley,532.34,31.4,1,0,Rainy,98,4.03,2016-07-19,11367
South,Silt,Cotton,667.35,35.65,1,0,Cloudy,91,5.44,2017-09-26,932
East,Silt,Barley,535.52,39.8,0,1,Sunny,144,5.67,2016-11-16,7567
South,Loam,Cotton,496.98,39.07,1,0,Rainy,140,5.36,2016-10-16,5178
South,Silt,Maize,219.08,21.95,1,1,Cloudy,87,4.25,2017-07-25,4581
East,Chalky,Rice,559.33,34.78,1,1,Rainy,132,6.31,2019-06-11,2798
East,Silt,Cotton,192.47,17.17,1,1,Cloudy,129,4.73,2016-03-05,8056
North,Peaty,Soybean,268.29,31.85,1,1,Rainy,60,4.33,2018-04-24,5314
North,Clay,Cotton,701.58,30.61,1,0,Cloudy,90,6.02,2016-10-03,8644
North,Chalky,Wheat,839.22,17.32,0,0,Cloudy,149,4.47,2017-10-12,8816
North,Sandy,Soybean,278.7,21.92,0,0,Rainy,113,2.26,2017-04-23,9781
South,Peaty,Cotton,386.11,23.21,0,0,Rainy,61,2.41,2017-09-24,9138
South,Sandy,Soybean,993.84,23.75,0,0,Rainy,112,5.4,2019-08-18,11518
North,Clay,Cotton,720.29,20.42,1,1,Sunny,92,6.65,2016-09-14,10699
West,Chalky,Wheat,351.74,29.82,0,0,Rainy,80,3.42,2019-06-15,12528
North,Silt,Soybean,826.37,39.39,1,1,Sunny,149,7.72,2019-06-15,6499
West,Loam,Rice,893.01,16.95,0,1,Sunny,87,6.3,2017-12-27,5969
East,Peaty,Maize,870.2,33.07,1,0,Cloudy,75,5.94,2017-03-23,4707
South,Chalky,Soybean,990.61,38.95,0,1,Sunny,71,7.08,2019-12-19,8028
South,Peaty,Rice,861.38,34.09,0,1,Sunny,138,5.72,2016-04-18,8402
West,Sandy,Soybean,368.04,31.69,0,0,Rainy,84,2.62,2018-04-11,4533
North,Chalky,Maize,212.54,35.29,0,1,Sunny,114,3.15,2019-04-15,4982
South,Sandy,Maize,352.21,22.42,0,0,Cloudy,86,2.25,2016-06-22,5289
West,Chalky,Cotton,417.8,38.51,1,1,Sunny,86,5.28,2017-05-01,2866
East,Peaty,Barley,522.8,37.36,0,0,Rainy,65,4.55,2017-04-27,11113
East,Silt,Barley,446.01,33.3,1,0,Cloudy,76,4.1,2016-04-07,6588
South,Clay,Cotton,833.0,15.27,0,0,Rainy,149,5.3,2018-01-09,8809
North,Clay,Maize,401.26,33.29,0,0,Rainy,67,2.25,2017-12-03,10804
West,Chalky,Wheat,384.64,17.52,1,0,Cloudy,90,4.02,2017-10-20,4449
South,Silt,Rice,549.78,30.4,0,1,Cloudy,133,4.3,2017-11-24,7738
East,Chalky,Wheat,884.51,16.11,0,0,Cloudy,76,5.03,2016-09-14,11694
North,Silt,Barley,656.67,29.72,0,0,Rainy,133,3.76,2019-02-06,11140
West,Sandy,Maize,752.14,30.18,1,0,Sunny,81,6.14,2017-03-06,7230
South,Chalky,Rice,567.45,35.33,1,0,Sunny,66,5.31,2019-07-23,4269
West,Peaty,Maize,610.39,33.91,0,1,Rainy,141,5.15,2018-07-20,4473
North,Chalky,Soybean,267.11,23.44,1,1,Sunny,80,5.33,2017-11-04,3995
North,Chalky,Barley,928.45,32.12,0,1,Sunny,145,6.81,2017-05-25,1814
East,Chalky,Soybean,646.98,33.06,1,1,Cloudy,116,6.04,2018-04-27,2882
North,Clay,Rice,823.14,24.64,0,1,Rainy,131,5.43,2017-09-22,11710
South,Peaty,Barley,855.66,36.33,1,0,Sunny,118,6.98,2019-11-16,1623
West,Clay,Barley,167.18,26.64,1,1,Cloudy,137,3.98,2016-04-13,10075
North,Peaty,Rice,552.05,18.06,1,1,Cloudy,95,5.68,2019-08-16,4907
North,Clay,Barley,703.97,15.51,0,1,Cloudy,136,4.77,2016-10-05,7392
South,Loam,Soybean,730.76,33.56,1,1,Rainy,146,7.64,2016-09-16,7743
West,Loam,Barley,396.31,22.37,0,0,Sunny,145,3.24,2019-08-01,3189
West,Clay,Barley,204.64,15.35,1,0,Rainy,130,2.99,2019-02-10,6497
East,Loam,Soybean,352.97,32.59,0,0,Sunny,109,2.64,2019-07-20,3124
East,Peaty,Maize,916.69,34.29,0,1,Cloudy,75,6.3,2019-03-10,10145
West,Peaty,Maize,189.55,15.84,0,0,Sunny,147,1.62,2018-03-16,10812
South,Peaty,Maize,463.42,18.08,0,0,Sunny,107,3.03,2017-07-07,3818
South,Loam,Wheat,264.53,32.57,0,1,Cloudy,124,2.74,2016-08-17,4533
East,Clay,Rice,828.17,22.51,1,0,Sunny,108,6.57,2019-12-18,7568
North,Peaty,Rice,994.15,24.49,1,0,Sunny,79,7.8,2019-06-27,1336
South,Loam,Maize,387.59,36.8,1,1,Sunny,84,5.2,2019-12-07,3412
North,Loam,Rice,472.64,19.03,0,0,Cloudy,69,3.13,2018-06-23,1216
South,Chalky,Soybean,670.72,15.14,0,0,Cloudy,148,3.99,2019-03-01,11541
West,Chalky,Wheat,618.39,28.09,0,1,Rainy,98,4.88,2019-06-06,6489
East,Silt,Soybean,196.89,38.15,1,1,Cloudy,128,5.3,2019-10-09,5641
North,Sandy,Maize,920.63,35.23,1,1,Sunny,109,7.28,2017-09-21,8577
North,Peaty,Cotton,968.65,27.15,1,1,Rainy,67,7.93,2018-07-06,4766
West,Clay,Maize,643.36,17.76,1,0,Cloudy,60,4.64,2019-11-13,1827
South,Peaty,Wheat,725.91,27.11,0,1,Rainy,75,5.04,2016-09-09,10173
North,Silt,Maize,538.47,20.24,1,0,Sunny,122,3.97,2016-03-16,12302
South,Peaty,Soybean,163.7,21.4,1,0,Rainy,126,2.86,2016-02-01,9771
West,Peaty,Barley,312.6,35.71,1,1,Cloudy,81,4.25,2018-10-08,7621
East,Peaty,Barley,414.43,18.45,1,0,Rainy,127,3.54,2018-08-28,10197
North,Peaty,Wheat,927.76,35.83,0,0,Cloudy,139,5.48,2016-12-18,9934
South,Silt,Soybean,143.33,18.15,1,1,Rainy,78,4.82,2019-10-28,8487
North,Clay,Barley,445.81,24.3,0,0,Rainy,61,3.52,2018-01-07,2314
South,Clay,Rice,817.09,28.3,1,0,Sunny,124,7.06,2016-06-01,5326
South,Clay,Rice,425.51,34.42,1,0,Sunny,121,4.79,2016-04-02,12415
South,Loam,Barley,788.16,32.42,1,0,Cloudy,96,6.74,2019-07-05,1366
West,Clay,Wheat,722.26,19.27,0,0,Rainy,90,3.93,2017-10-17,1230
East,Chalky,Maize,901.23,15.42,1,1,Cloudy,138,7.53,2018-12-07,5130
North,Silt,Rice,498.01,37.12,0,1,Sunny,63,4.66,2019-08-13,4716
East,Loam,Soybean,812.36,38.92,0,1,Cloudy,129,6.33,2016-07-21,3731
South,Silt,Wheat,942.64,36.23,0,1,Sunny,120,6.54,2016-12-11,9838
South,Clay,Maize,724.05,19.0,0,1,Rainy,84,5.22,2019-08-10,8331
East,Sandy,Cotton,227.32,33.71,0,0,Sunny,89,0.4,2018-03-09,4440
East,Silt,Maize,100.11,39.34,1,0,Cloudy,81,1.75,2017-11-01,1320
North,Chalky,Maize,693.69,33.24,0,1,Sunny,102,4.72,2017-11-19,6355
South,Peaty,Soybean,847.92,39.89,1,1,Rainy,134,8.39,2016-01-18,1248
East,Loam,Wheat,503.34,16.19,1,1,Rainy,86,6.52,2018-12-18,9694
West,Peaty,Soybean,846.07,15.77,0,1,Rainy,87,6.25,2017-08-22,4752
South,Sandy,Barley,607.72,34.22,1,0,Cloudy,132,5.33,2018-12-27,4640
South,Clay,Rice,651.66,30.88,1,0,Sunny,96,5.53,2018-11-28,9168
North,Sandy,Cotton,781.43,25.54,1,0,Rainy,66,5.88,2016-06-05,5430
West,Loam,Rice,325.87,23.43,1,1,Sunny,79,5.0,2017-07-19,10377
North,Peaty,Maize,850.93,31.69,1,1,Rainy,107,7.66,2019-12-26,7061
West,Loam,Maize,964.71,26.84,0,1,Cloudy,61,5.8,2016-07-17,7194
North,Peaty,Wheat,227.4,32.91,0,1,Sunny,81,3.25,2017-06-10,3793
West,Peaty,Maize,133.25,36.43,0,1,Cloudy,120,2.37,2017-10-17,12212
West,Silt,Maize,488.21,28.75,1,1,Cloudy,66,5.76,2017-06-10,2805
West,Peaty,Wheat,356.28,25.49,1,1,Rainy,125,4.77,2017-07-24,7053
East,Peaty,Cotton,101.02,33.8,0,0,Rainy,117,-0.01,2017-06-13,4399
South,Loam,Rice,757.17,35.78,1,1,Sunny,107,6.96,2018-10-12,2462
West,Sandy,Cotton,696.54,32.83,1,0,Sunny,88,5.47,2016-12-28,1642
East,Clay,Barley,199.78,23.66,0,0,Sunny,141,1.81,2018-08-11,4711
East,Silt,Rice,471.99,15.63,0,1,Sunny,93,4.58,2019-08-05,10592
North,Sandy,Barley,120.07,35.15,1,0,Sunny,97,2.4,2017-01-19,5093
South,Loam,Soybean,283.22,35.57,1,1,Rainy,123,3.95,2016-12-25,1360
South,Chalky,Soybean,202.16,17.99,0,0,Rainy,143,1.4,2017-01-27,3843
North,Chalky,Wheat,606.32,21.53,0,0,Cloudy,77,3.29,2016-04-13,2543
South,Loam,Maize,307.71,34.32,1,0,Sunny,130,3.55,2018-11-15,12438
North,Peaty,Rice,938.86,21.41,1,0,Cloudy,79,6.14,2016-03-08,6416
East,Silt,Maize,701.64,22.91,0,0,Cloudy,104,3.6,2019-07-27,9995
East,Peaty,Rice,745.39,32.88,1,1,Sunny,111,7.23,2019-03-25,1018
West,Peaty,Wheat,135.76,21.54,0,1,Rainy,87,1.65,2016-11-05,5710
North,Chalky,Barley,322.19,28.99,0,0,Cloudy,95,1.85,2016-10-13,8594
East,Clay,Cotton,569.3,34.97,1,1,Sunny,73,6.7,2016-03-10,10489
East,Loam,Wheat,541.15,39.93,1,0,Cloudy,68,4.51,2016-10-14,1560
North,Sandy,Wheat,514.79,35.62,1,0,Rainy,71,5.26,2019-05-01,3848
East,Sandy,Cotton,809.99,22.37,1,1,Cloudy,99,6.94,2017-05-03,5184
South,Sandy,Barley,365.55,26.38,0,0,Cloudy,111,2.11,2016-01-19,4147
East,Chalky,Cotton,157.09,32.81,1,1,Sunny,78,3.81,2016-08-18,10196
North,Chalky,Rice,760.24,35.26,1,0,Rainy,68,5.77,2019-05-20,4937
South,Silt,Wheat,705.82,24.15,1,0,Cloudy,62,5.46,2019-08-18,7770
South,Clay,Rice,632.09,29.14,1,0,Sunny,134,5.1,2018-07-25,11318
East,Silt,Barley,644.29,23.69,1,1,Sunny,80,5.82,2016-12-02,9211
West,Clay,Rice,861.02,16.19,0,0,Sunny,113,4.91,2018-09-27,11923
South,Silt,Wheat,740.99,38.55,1,1,Sunny,110,7.24,2019-09-16,4810
North,Loam,Barley,468.43,17.02,0,1,Rainy,89,4.49,2019-10-10,12430
West,Silt,Wheat,464.6,37.65,0,0,Cloudy,92,3.78,2017-08-04,5272
West,Sandy,Cotton,690.59,23.75,0,1,Cloudy,86,4.84,2016-01-02,2475
South,Silt,Wheat,572.35,22.84,0,1,Sunny,140,4.59,2018-10-15,7079
East,Clay,Wheat,220.48,39.43,0,1,Sunny,98,3.14,2019-07-04,11977
West,Peaty,Wheat,822.22,27.89,0,0,Sunny,99,4.01,2019-10-19,11181
East,Chalky,Rice,450.39,23.87,1,0,Cloudy,83,3.92,2018-04-13,11866
South,Chalky,Barley,329.29,28.1,0,0,Rainy,99,1.87,2017-01-17,10131
North,Clay,Rice,348.66,15.48,1,1,Cloudy,149,5.0,2019-08-27,9713
West,Clay,Wheat,622.92,20.93,1,1,Rainy,98,6.8,2016-06-19,5234
North,Chalky,Wheat,604.93,17.48,1,1,Sunny,112,6.62,2019-08-12,10524
East,Silt,Barley,360.96,24.84,1,0,Sunny,99,4.68,2016-06-09,7439
East,Peaty,Barley,455.45,32.01,1,0,Sunny,121,4.88,2018-04-25,945
North,Chalky,Rice,248.22,26.36,0,0,Rainy,72,1.65,2016-04-04,3973
South,Silt,Cotton,481.17,17.14,0,0,Sunny,117,2.98,2018-05-19,7179
South,Chalky,Soybean,964.61,25.99,0,1,Rainy,105,6.41,2016-08-05,5295
West,Silt,Wheat,192.04,16.76,1,0,Cloudy,119,2.91,2018-11-20,9366
West,Peaty,Soybean,858.23,15.3,0,0,Rainy,70,4.91,2016-05-02,7229
South,Clay,Barley,209.02,37.93,1,1,Cloudy,119,3.14,2017-11-27,12629
South,Clay,Barley,661.23,24.87,1,1,Cloudy,96,6.25,2016-07-17,5865
North,Loam,Maize,500.77,23.11,0,0,Sunny,82,2.58,2016-05-11,1070
East,Peaty,Rice,219.59,38.5,0,0,Rainy,77,1.38,2017-06-13,7346
East,Peaty,Wheat,676.41,15.35,0,1,Cloudy,68,5.66,2019-02-19,3373
West,Sandy,Maize,486.17,23.35,0,1,Cloudy,137,3.93,2019-11-11,10752
South,Chalky,Wheat,406.76,22.68,1,0,Rainy,72,3.47,2016-05-13,10913
North,Sandy,Wheat,697.66,27.11,0,0,Rainy,145,3.4,2017-02-17,2822
West,Sandy,Barley,543.53,24.38,1,1,Rainy,83,6.23,2016-11-17,2071
North,Peaty,Rice,403.72,33.17,1,0,Sunny,122,4.13,2018-09-19,4399
South,Silt,Barley,959.73,16.29,1,1,Cloudy,101,6.92,2018-12-12,1304
South,Loam,Wheat,437.37,19.69,1,1,Cloudy,120,5.23,2016-04-02,3800
South,Sandy,Rice,641.92,22.03,0,1,Rainy,78,4.49,2019-08-07,12088
East,Chalky,Wheat,693.35,25.83,1,0,Cloudy,85,5.44,2019-06-21,5246
South,Silt,Barley,301.71,32.04,1,1,Rainy,126,4.98,2016-07-19,5380
West,Silt,Maize,989.81,36.88,1,0,Sunny,130,6.5,2016-08-27,5189
East,Loam,Rice,210.79,18.47,0,0,Rainy,81,0.96,2018-12-07,5315
North,Loam,Rice,194.66,27.17,0,0,Sunny,134,1.46,2019-10-19,2598
West,Peaty,Wheat,819.28,20.15,0,0,Sunny,145,4.38,2016-09-10,9927
West,Peaty,Barley,530.51,15.57,1,1,Sunny,101,5.86,2018-11-27,4205
North,Chalky,Barley,114.77,15.25,1,0,Cloudy,115,2.62,2019-01-24,5936
East,Chalky,Cotton,248.2,31.59,1,1,Rainy,91,4.45,2017-08-26,2894
West,Peaty,Cotton,227.12,20.12,1,0,Cloudy,129,1.97,2018-04-17,7982
West,Clay,Soybean,522.93,24.97,1,0,Sunny,92,5.0,2019-03-27,6575
West,Silt,Cotton,565.28,39.75,0,1,Rainy,104,4.48,2019-02-02,2492
East,Chalky,Barley,162.96,35.09,0,1,Rainy,102,2.37,2018-04-18,4680
East,Silt,Rice,893.03,28.29,0,1,Cloudy,102,5.77,2017-03-21,8472
East,Clay,Soybean,571.26,32.8,1,1,Rainy,64,5.87,2018-01-07,9055
West,Peaty,Wheat,336.27,17.66,1,1,Sunny,64,5.65,2019-03-14,6998
South,Loam,Cotton,769.36,35.07,1,0,Sunny,65,6.29,2016-11-03,12272
North,Loam,Maize,574.48,37.47,0,0,Rainy,103,4.47,2016-01-19,6144
South,Loam,Cotton,914.3,16.13,0,1,Sunny,101,5.43,2018-11-07,11073
East,Clay,Soybean,378.38,15.64,1,1,Sunny,145,4.13,2019-05-05,7977
West,Peaty,Soybean,318.08,27.85,0,0,Cloudy,78,2.22,2016-08-24,4780
West,Loam,Wheat,656.34,15.85,1,1,Cloudy,137,5.91,2019-05-17,8615
South,Loam,Barley,129.59,18.36,1,0,Sunny,138,3.07,2018-06-16,3455
South,Sandy,Cotton,377.27,29.79,1,0,Rainy,124,3.71,2016-11-21,10660
North,Clay,Soybean,773.17,39.91,0,0,Rainy,109,4.3,2019-11-04,5521
West,Loam,Rice,483.2,37.43,0,1,Cloudy,62,4.55,2016-02-28,3320
South,Silt,Barley,414.55,26.24,0,1,Cloudy,85,4.09,2018-12-26,9806
North,Loam,Wheat,508.47,19.29,1,0,Sunny,135,4.54,2019-04-15,2002
East,Chalky,Soybean,849.1,30.99,0,0,Rainy,65,5.18,2016-09-19,10501
South,Peaty,Wheat,880.74,26.5,0,1,Cloudy,127,5.41,2018-12-26,5988
East,Peaty,Soybean,499.7,27.41,0,1,Sunny,94,4.59,2016-08-27,2024
North,Clay,Soybean,487.63,22.77,1,1,Rainy,111,4.89,2016-05-18,7136
East,Chalky,Rice,731.6,39.97,0,1,Cloudy,92,5.34,2017-08-11,3298
West,Peaty,Wheat,630.04,30.15,0,0,Cloudy,68,4.01,2017-09-10,7030
West,Loam,Barley,848.46,32.36,1,1,Rainy,127,8.13,2018-08-03,3040
East,Sandy,Cotton,684.19,19.49,0,1,Rainy,108,5.2,2017-07-07,11966
West,Peaty,Maize,423.76,17.06,1,0,Sunny,111,3.68,2018-09-13,10284
North,Silt,Rice,155.24,33.02,0,0,Cloudy,80,1.15,2017-07-01,4660
West,Sandy,Wheat,488.27,24.18,0,1,Cloudy,119,3.81,2016-11-14,3048
East,Loam,Rice,565.85,30.27,0,0,Sunny,85,3.31,2018-12-13,5878
East,Loam,Maize,244.0,24.36,1,1,Cloudy,78,4.92,2018-06-27,7557
East,Loam,Cotton,645.26,28.75,1,0,Sunny,84,4.98,2016-01-22,6607
South,Silt,Wheat,530.44,18.56,1,1,Sunny,72,5.67,2018-09-13,7962
East,Peaty,Maize,121.98,30.99,0,1,Sunny,71,2.45,2018-02-06,3705
North,Loam,Maize,621.73,36.2,1,1,Cloudy,132,7.07,2017-02-05,5487
West,Loam,Maize,966.01,30.05,1,0,Cloudy,111,7.58,2018-05-05,2048
West,Sandy,Barley,476.4,21.14,1,1,Sunny,86,5.61,2019-07-09,12112
South,Sandy,Cotton,504.81,36.41,0,1,Sunny,128,5.86,2016-07-15,4353
South,Loam,Maize,851.92,35.15,1,0,Sunny,71,7.16,2017-06-28,11883
North,Chalky,Maize,214.8,26.84,1,1,Rainy,148,4.23,2017-03-05,6004
East,Loam,Cotton,242.56,17.0,1,1,Cloudy,73,3.69,2019-11-25,4361
South,Sandy,Wheat,932.15,18.49,1,0,Cloudy,114,5.79,2016-04-24,1864
West,Loam,Maize,526.88,18.15,1,0,Rainy,75,5.44,2016-08-13,1769
South,Sandy,Soybean,272.73,19.39,0,1,Sunny,100,3.58,2017-02-03,5570
South,Silt,Barley,564.26,15.28,0,1,Rainy,80,4.41,2018-01-27,1750
East,Loam,Wheat,438.24,17.09,1,0,Rainy,127,4.26,2017-12-12,8243
South,Sandy,Soybean,825.17,29.94,1,0,Rainy,66,5.82,2016-09-28,6082
North,Sandy,Wheat,227.12,15.5,0,1,Cloudy,147,3.12,2019-12-12,11994
West,Clay,Rice,872.68,36.6,1,0,Cloudy,98,6.96,2017-12-21,3326
East,Clay,Cotton,604.12,23.67,1,1,Rainy,97,5.89,2016-09-23,11161
West,Sandy,Barley,403.88,30.1,0,0,Cloudy,98,2.47,2017-10-07,7776
North,Peaty,Wheat,506.47,25.24,1,1,Sunny,136,6.33,2018-12-23,5526
North,Silt,Maize,568.86,36.19,0,0,Rainy,97,3.14,2017-11-24,1881
South,Silt,Rice,996.07,34.57,0,0,Sunny,132,6.05,2017-03-07,1596
South,Sandy,Maize,404.16,27.14,0,1,Cloudy,120,3.46,2016-04-06,7101
South,Peaty,Cotton,602.53,18.92,0,0,Cloudy,109,3.43,2016-07-03,8368
West,Chalky,Cotton,314.37,23.33,1,0,Sunny,102,4.08,2016-11-28,9482
North,Clay,Rice,345.45,25.71,1,0,Sunny,146,3.79,2017-02-25,7374
East,Clay,Cotton,907.75,26.19,0,0,Rainy,63,4.8,2018-03-28,5062
South,Loam,Maize,829.05,16.24,0,0,Cloudy,91,4.78,2019-12-08,8427
West,Silt,Wheat,683.65,16.76,0,0,Cloudy,72,4.08,2019-06-19,8221
South,Sandy,Cotton,191.69,38.01,0,0,Cloudy,87,0.98,2016-05-27,12494
North,Clay,Rice,752.04,39.55,0,1,Sunny,105,5.77,2016-07-16,7386
East,Silt,Cotton,316.32,15.56,1,1,Cloudy,68,4.28,2017-10-16,9164
North,Peaty,Barley,239.7,29.86,0,1,Rainy,143,3.39,2019-05-15,3862
West,Clay,Wheat,848.32,38.16,0,0,Sunny,74,4.28,2016-03-13,5067
South,Silt,Soybean,703.65,24.47,0,1,Cloudy,62,5.23,2018-01-10,5048
North,Peaty,Wheat,157.33,19.51,1,1,Rainy,105,3.9,2018-10-08,7076
West,Loam,Barley,263.76,25.6,1,1,Cloudy,67,4.8,2016-12-25,7314
South,Chalky,Maize,288.05,19.28,0,0,Sunny,145,2.88,2016-04-21,7298
East,Silt,Cotton,451.23,26.1,1,0,Rainy,122,4.29,2019-04-16,8186
North,Clay,Maize,781.62,17.46,0,1,Rainy,67,6.11,2019-05-07,3390
South,Chalky,Rice,557.73,34.17,0,1,Cloudy,94,4.0,2017-01-06,3346
South,Loam,Wheat,319.75,25.19,1,1,Rainy,96,5.37,2019-05-23,3872
South,Sandy,Wheat,109.8,35.83,1,1,Rainy,103,3.36,2018-01-06,10748
South,Chalky,Wheat,445.27,23.66,1,0,Sunny,145,5.14,2018-09-22,11219
North,Sandy,Rice,682.31,18.08,1,0,Sunny,140,5.02,2016-02-05,9676
South,Loam,Cotton,519.8,19.95,1,1,Rainy,60,6.18,2019-11-11,12316
West,Silt,Maize,669.97,32.16,1,1,Rainy,102,6.39,2017-12-20,4030
North,Peaty,Cotton,525.62,32.17,0,0,Rainy,129,3.97,2018-06-09,5485
South,Clay,Rice,592.72,34.86,0,0,Cloudy,116,3.78,2018-07-06,7631
North,Chalky,Maize,307.26,33.84,1,0,Sunny,116,3.35,2017-01-19,10178
West,Loam,Maize,585.64,39.29,0,0,Cloudy,68,3.5,2017-09-07,3967
West,Peaty,Maize,908.42,16.93,0,0,Rainy,96,5.55,2018-06-08,8807
North,Loam,Wheat,666.63,26.65,1,0,Cloudy,60,5.36,2018-02-17,4032
South,Peaty,Rice,385.33,22.06,0,0,Cloudy,135,2.41,2017-06-28,5165
South,Chalky,Wheat,608.25,30.49,0,0,Cloudy,74,4.14,2018-07-06,8402
West,Silt,Barley,864.58,17.51,1,0,Sunny,81,6.4,2016-11-28,11736
South,Sandy,Barley,500.13,30.76,1,1,Cloudy,112,5.69,2016-08-08,3584
West,Silt,Wheat,654.35,23.97,0,0,Rainy,125,4.18,2017-01-12,1133
South,Peaty,Cotton,709.17,38.89,0,1,Rainy,116,5.3,2019-02-07,914
West,Chalky,Wheat,900.69,27.26,0,1,Sunny,137,6.8,2017-09-03,7445
East,Silt,Maize,985.16,22.38,1,1,Rainy,64,9.14,2017-05-19,1284
South,Sandy,Cotton,175.62,39.18,0,1,Rainy,83,3.63,2019-01-14,4234
South,Clay,Maize,157.56,23.93,0,0,Cloudy,128,1.39,2019-08-16,9032
South,Loam,Wheat,274.74,32.73,0,0,Rainy,120,2.14,2019-12-25,9245
North,Peaty,Barley,442.4,20.29,0,0,Cloudy,126,2.55,2016-04-01,10152
South,Sandy,Maize,809.29,26.74,0,1,Cloudy,64,5.94,2018-04-15,8105
North,Peaty,Barley,240.74,21.93,1,1,Cloudy,135,4.71,2016-09-13,4017
North,Chalky,Maize,209.31,33.6,1,1,Rainy,121,3.67,2018-03-24,9170
West,Chalky,Soybean,445.84,26.04,0,1,Cloudy,125,3.26,2016-04-16,5610
North,Peaty,Maize,938.67,31.54,0,1,Rainy,119,5.93,2018-06-27,9429
North,Silt,Cotton,990.7,29.65,1,0,Sunny,128,7.61,2016-08-10,3662
East,Loam,Barley,718.04,17.31,0,0,Cloudy,72,4.59,2019-09-03,5543
South,Chalky,Rice,344.38,22.31,1,1,Rainy,100,4.35,2017-11-15,7555
North,Chalky,Rice,518.93,29.68,0,0,Cloudy,73,2.13,2016-04-15,12078
South,Chalky,Maize,216.13,15.84,0,1,Sunny,136,2.71,2018-12-09,4405
North,Sandy,Barley,642.02,27.0,1,1,Sunny,63,6.28,2019-10-28,3092
West,Clay,Rice,324.28,22.42,0,1,Cloudy,85,3.8,2016-03-14,7944
East,Sandy,Maize,796.69,18.03,1,1,Rainy,75,6.47,2016-12-12,6441
North,Chalky,Soybean,179.14,16.03,0,0,Cloudy,103,0.98,2019-09-10,1596
South,Silt,Cotton,601.22,35.71,1,0,Cloudy,103,4.8,2016-02-09,1987
West,Peaty,Wheat,842.09,18.39,1,1,Cloudy,122,6.75,2017-12-25,2648
South,Clay,Rice,707.77,21.1,1,0,Cloudy,149,5.73,2016-05-25,10784
West,Silt,Rice,878.82,28.52,0,1,Sunny,87,5.6,2017-12-26,7751
East,Silt,Cotton,665.53,33.26,1,1,Sunny,140,6.66,2017-03-09,2827
West,Chalky,Rice,100.2,30.56,0,1,Sunny,68,2.06,2019-06-04,2463
South,Loam,Maize,245.0,35.43,1,0,Sunny,75,3.36,2016-12-15,1332
South,Peaty,Cotton,143.29,25.43,1,0,Sunny,115,2.11,2019-07-05,5932
North,Loam,Rice,273.97,31.28,1,1,Rainy,89,5.06,2016-07-06,11242
West,Chalky,Cotton,648.48,35.93,1,1,Sunny,147,6.35,2016-03-02,8551
South,Peaty,Maize,161.01,21.14,1,1,Sunny,105,3.78,2018-09-09,10356
North,Loam,Maize,581.27,25.93,0,0,Cloudy,130,2.92,2016-04-09,1538
East,Sandy,Maize,294.73,27.28,1,1,Sunny,121,5.06,2019-05-13,1986
South,Loam,Rice,954.28,24.7,1,1,Sunny,84,8.03,2017-01-14,7967
North,Chalky,Barley,599.1,31.03,0,1,Sunny,83,4.57,2016-08-09,5290
South,Clay,Rice,354.78,36.86,0,1,Sunny,102,3.99,2018-02-27,5912
West,Loam,Rice,843.3,36.39,1,1,Rainy,137,7.58,2019-07-04,9671
North,Sandy,Soybean,815.11,32.65,0,1,Cloudy,136,6.38,2016-01-15,9055
West,Sandy,Soybean,660.8,15.8,0,0,Cloudy,81,4.22,2019-03-11,4187
East,Chalky,Barley,921.64,21.82,0,1,Cloudy,133,4.74,2018-05-03,9663
West,Sandy,Barley,648.52,27.06,1,1,Rainy,72,6.22,2018-03-20,6646
North,Chalky,Barley,535.9,19.93,1,0,Cloudy,106,4.93,2019-03-28,4265
South,Loam,Wheat,376.67,30.56,0,1,Cloudy,89,3.2,2016-06-16,9269
North,Peaty,Maize,999.64,22.96,1,0,Sunny,143,6.85,2017-10-22,7660
West,Loam,Barley,286.2,27.29,1,0,Rainy,93,2.91,2018-05-10,4797
West,Chalky,Soybean,115.05,32.28,1,1,Cloudy,121,2.92,2016-12-26,4188
South,Peaty,Cotton,864.85,16.43,1,0,Cloudy,99,6.88,2016-08-01,10715
East,Chalky,Soybean,559.28,38.36,0,1,Sunny,128,4.65,2017-12-04,9293
North,Silt,Maize,427.57,31.7,1,0,Cloudy,88,3.95,2018-12-02,6853
South,Sandy,Cotton,242.95,28.85,0,0,Sunny,145,1.57,2018-05-20,2414
South,Silt,Barley,570.12,33.7,1,0,Cloudy,99,4.44,2016-09-14,2722
South,Silt,Rice,962.57,27.35,1,1,Rainy,113,7.1,2016-10-25,10615
North,Peaty,Soybean,846.05,21.14,0,0,Rainy,77,3.62,2017-09-04,8409
North,Chalky,Maize,411.84,24.36,1,0,Cloudy,139,4.21,2017-05-09,10051
North,Silt,Barley,135.75,33.41,1,0,Cloudy,101,2.44,2018-07-10,9523
East,Silt,Cotton,940.87,28.42,1,1,Cloudy,104,7.36,2019-05-24,5473
South,Loam,Soybean,958.85,36.7,1,1,Sunny,60,7.93,2018-12-24,9790
West,Peaty,Wheat,387.09,37.7,0,0,Rainy,144,2.4,2016-12-03,1094
West,Chalky,Cotton,545.92,30.16,1,0,Sunny,68,4.9,2018-11-18,11121
South,Sandy,Soybean,812.04,22.38,0,0,Cloudy,88,4.78,2019-11-07,12251
West,Chalky,Barley,920.34,26.1,1,0,Sunny,127,6.76,2017-09-15,5739
East,Loam,Barley,834.37,27.51,0,0,Rainy,75,4.78,2019-10-10,3143
East,Sandy,Wheat,123.06,22.94,1,1,Cloudy,66,4.54,2019-12-17,11511
North,Clay,Wheat,212.3,21.57,1,0,Rainy,148,2.56,2019-09-22,11950
North,Silt,Rice,138.04,33.8,1,0,Cloudy,80,2.41,2017-11-17,1844
North,Loam,Soybean,436.73,31.89,0,0,Sunny,69,3.24,2019-03-15,4879
North,Sandy,Wheat,443.18,27.08,0,0,Sunny,137,1.99,2019-02-26,6851
North,Peaty,Soybean,207.56,37.39,0,0,Sunny,88,1.71,2019-11-22,9110
West,Loam,Cotton,929.34,19.94,1,0,Cloudy,87,6.76,2016-12-08,3385
West,Peaty,Barley,366.76,27.91,1,0,Rainy,130,3.87,2019-05-20,1216
North,Clay,Soybean,720.1,36.8,1,1,Cloudy,62,6.28,2017-03-05,971
East,Peaty,Barley,829.06,24.1,1,1,Sunny,64,8.08,2019-06-23,1201
West,Clay,Maize,674.31,20.34,1,0,Cloudy,143,5.82,2019-03-26,10857
East,Silt,Rice,938.24,24.8,0,1,Rainy,127,6.65,2017-12-12,7892
East,Chalky,Rice,418.68,29.07,1,0,Sunny,142,4.48,2019-10-26,9946
South,Chalky,Rice,483.69,39.23,1,0,Cloudy,146,4.89,2017-03-07,10893
South,Clay,Barley,238.58,34.19,1,0,Sunny,126,3.77,2019-05-08,10470
North,Peaty,Maize,714.9,22.68,1,0,Rainy,108,5.7,2017-04-27,1295
East,Peaty,Maize,695.25,37.3,1,1,Sunny,146,7.29,2019-01-05,8142
West,Chalky,Maize,307.33,33.41,1,1,Cloudy,67,5.29,2019-11-08,3721
South,Silt,Cotton,288.88,27.95,0,0,Cloudy,98,1.54,2016-12-02,2964
South,Peaty,Wheat,125.79,30.99,0,1,Rainy,86,2.17,2016-04-06,5111
East,Clay,Maize,716.81,32.6,0,0,Rainy,139,3.61,2019-10-04,6512
South,Loam,Rice,287.69,30.82,1,0,Rainy,120,3.5,2019-11-04,8953
South,Clay,Wheat,535.1,27.68,0,1,Sunny,107,4.27,2018-12-19,7398
